RANK,NAME,TEAM,POS,AGE,GP,MPG,USG%,TO%,FTA,FT%,2PA,2P%,3PA,3P%,eFG%,TS%,PPG,RPG,APG,SPG,BPG,TPG,P+R,P+A,P+R+A,VI,ORtg,DRtg
1,Joel Embiid,Phi,C-F,29.1,66,34.6,37.1,14.5,771,0.857,1128,0.587,200,0.33,0.573,0.655,33.1,10.2,4.2,1,1.7,3.4,43.2,37.2,47.4,13,124.4,104.2
2,Luka Doncic,Dal,F-G,24.1,66,36.2,37.7,14,694,0.742,908,0.588,541,0.342,0.56,0.609,32.4,8.6,8,1.4,0.5,3.6,41,40.4,49,14.4,120.2,109.1
3,Damian Lillard,Por,G,32.7,58,36.3,33.8,13.7,558,0.914,544,0.574,658,0.371,0.564,0.645,32.2,4.8,7.3,0.9,0.3,3.3,36.9,39.5,44.3,11.5,126.7,117.1
4,Shai Gilgeous-Alexander,Okc,G-F,24.7,68,35.5,32.8,12.2,739,0.905,1213,0.533,168,0.345,0.531,0.626,31.4,4.8,5.5,1.6,1,2.8,36.2,36.9,41.7,10.6,124.9,110
5,Giannis Antetokounmpo,Mil,F,28.3,63,32.1,38.8,16.2,772,0.645,1108,0.596,171,0.275,0.571,0.605,31.1,11.8,5.7,0.8,0.8,3.9,42.9,36.8,48.6,15.9,116.9,100.5
6,Jayson Tatum,Bos,F-G,25.1,74,36.9,32.7,12,622,0.854,873,0.558,686,0.35,0.543,0.607,30.1,8.8,4.6,1.1,0.7,2.9,38.8,34.7,43.5,11.6,118.6,106.6
7,Kevin Durant,Bro,F,34.5,39,36,31.5,15.6,285,0.937,545,0.622,189,0.376,0.607,0.674,29.7,6.7,5.3,0.8,1.5,3.5,36.4,35,41.7,11.3,122.3,110.4
8,Stephen Curry,Gol,G,35.1,55,34.9,31,13.7,278,0.914,489,0.577,629,0.426,0.612,0.654,29.5,6.1,6.3,0.9,0.4,3.2,35.6,35.8,41.9,12,122.9,112.3
9,LeBron James,Lal,F,38.3,54,35.6,33.3,12.9,325,0.766,830,0.582,363,0.311,0.547,0.582,28.8,8.3,6.8,0.9,0.6,3.3,37.1,35.6,43.9,13.2,114.1,110.3
10,Donovan Mitchell,Cle,G,26.6,68,35.8,32.1,11.4,368,0.867,767,0.566,635,0.386,0.572,0.614,28.3,4.3,4.4,1.5,0.4,2.6,32.5,32.7,36.9,9.1,118.8,107.2
11,Devin Booker,Pho,G,26.4,53,34.6,31.8,12,358,0.855,751,0.554,316,0.351,0.546,0.601,27.8,4.5,5.5,1,0.3,2.7,32.3,33.3,37.8,10.2,118.8,109
12,Mikal Bridges,Bro,F,26.6,26,35.5,30.3,8.9,179,0.894,322,0.531,181,0.376,0.543,0.607,27.2,4.7,2.8,1,0.6,1.9,31.8,29.9,34.6,8,117.6,114.6
13,Kyrie Irving,Bro,G,31,40,36.9,29.7,10,179,0.883,471,0.569,348,0.374,0.565,0.604,27.1,5.1,5.3,1,0.8,2.3,32.2,32.4,37.5,9.8,118,111.3
14,Kyrie Irving,Dal,G,31,20,38.1,27.5,8.8,94,0.947,236,0.585,148,0.392,0.586,0.634,27,5,6,1.3,0.6,1.9,32,33,38,9.8,127.8,112.1
15,Jaylen Brown,Bos,G-F,26.5,67,35.9,31.5,12.5,344,0.765,896,0.576,487,0.335,0.55,0.581,26.6,6.9,3.5,1.1,0.4,2.9,33.5,30.1,36.9,9.6,109.8,106.4
16,Ja Morant,Mem,G,23.7,61,31.9,34.9,14.5,497,0.748,914,0.519,300,0.307,0.504,0.557,26.2,5.9,8.1,1.1,0.3,3.4,32,34.2,40.1,13.5,114.3,109.6
17,Trae Young,Atl,G,24.6,73,34.8,32.6,17.7,639,0.886,930,0.476,460,0.335,0.485,0.573,26.2,3,10.2,1.1,0.1,4.1,29.2,36.4,39.3,10.7,116.2,117.4
18,Anthony Davis,Lal,F-C,30.1,55,34,28.5,11.1,442,0.783,874,0.59,74,0.257,0.574,0.628,26.1,12.5,2.6,1,2,2.1,38.6,28.7,41.3,11.1,125.2,104.9
19,Kevin Durant,Pho,F,34.5,8,33.7,26.8,13.5,48,0.833,87,0.586,41,0.537,0.656,0.697,26,6.4,3.5,0.3,1.3,2.5,32.4,29.5,35.9,9.9,126.6,114.9
20,Zion Williamson,Nor,F,22.8,29,33,30.4,17.4,248,0.714,450,0.618,19,0.368,0.615,0.652,26,7,4.6,1.1,0.6,3.4,33,30.6,37.6,11.4,120.3,108.4
21,Lauri Markkanen,Uta,F-C,25.9,66,34.4,26.6,10,399,0.875,634,0.585,511,0.391,0.586,0.64,25.6,8.6,1.9,0.6,0.6,1.9,34.3,27.5,36.1,8.7,125.6,112.7
22,De'Aaron Fox,Sac,G,25.3,72,33.6,30.1,12,440,0.78,958,0.582,363,0.325,0.556,0.599,25.2,4.2,6.2,1.2,0.3,2.5,29.4,31.3,35.6,10.3,119.2,112.1
23,Julius Randle,Nyk,F-C,28.4,77,35.5,29.5,13.1,531,0.757,796,0.553,636,0.343,0.536,0.581,25.1,10,4.1,0.6,0.3,2.8,35.1,29.2,39.2,11.4,116.8,106.3
24,Zach LaVine,Chi,G-F,28.1,76,36.1,28.3,12.3,424,0.847,834,0.556,539,0.377,0.56,0.608,24.9,4.5,4.3,0.9,0.2,2.5,29.5,29.2,33.7,8.7,115.8,111.3
25,Nikola Jokic,Den,C,28.1,68,33.8,27.3,19.3,413,0.821,869,0.675,148,0.385,0.661,0.702,24.8,11.9,9.8,1.3,0.7,3.6,36.6,34.6,46.5,16.9,135,105.6
26,DeMar DeRozan,Chi,G-F,33.7,73,36.4,27.8,10.6,522,0.872,1150,0.526,138,0.326,0.522,0.593,24.7,4.7,5.1,1.1,0.5,2.1,29.3,29.8,34.4,9.2,118.8,109.4
27,Anthony Edwards,Min,G,21.7,77,36.1,29.7,14.4,405,0.763,935,0.513,561,0.367,0.527,0.564,24.5,5.7,4.5,1.5,0.7,3.3,30.2,29,34.7,9.5,106.2,110.4
28,Brandon Ingram,Nor,F,25.6,44,34,30.6,15.1,263,0.878,646,0.503,161,0.391,0.52,0.58,24.3,5.3,5.8,0.7,0.4,3.3,29.6,30.1,35.4,10.7,111.9,108.5
29,Pascal Siakam,Tor,F,29,71,37.4,27.2,11.4,474,0.774,1026,0.523,287,0.324,0.515,0.565,24.2,7.8,5.8,0.9,0.5,2.4,32.1,30.1,37.9,11,118.3,108.7
30,Jalen Brunson,Nyk,G,26.6,68,35,27.3,10.6,392,0.829,873,0.519,322,0.416,0.547,0.597,24,3.5,6.2,0.9,0.2,2.1,27.6,30.2,33.8,9.2,124.6,112.3
31,Paul George,Lac,F,32.9,56,34.6,29.5,14.9,294,0.871,578,0.521,426,0.371,0.536,0.588,23.8,6.1,5.1,1.5,0.4,3.1,29.9,28.9,35,10.5,113,107.7
32,Kawhi Leonard,Lac,F,31.8,50,33.6,26.8,9,264,0.871,594,0.551,239,0.423,0.574,0.625,23.7,6.3,3.9,1.4,0.5,1.6,30,27.6,33.9,9.9,125.6,111.4
33,LaMelo Ball,Cha,G,21.6,36,35.2,30,15.2,121,0.843,338,0.45,383,0.376,0.51,0.541,23.3,6.4,8.4,1.3,0.3,3.6,29.7,31.7,38.1,12.2,108.5,108.9
34,Bradley Beal,Was,G,29.8,50,33.5,29.2,14.2,228,0.842,659,0.552,219,0.365,0.551,0.593,23.2,3.9,5.4,0.9,0.7,2.9,27.1,28.6,32.5,9.4,113.9,113.7
35,Kristaps Porzingis,Was,F-C,27.7,65,32.6,27.4,11.8,416,0.851,662,0.559,356,0.385,0.565,0.627,23.2,8.4,2.7,0.9,1.5,2.1,31.6,25.8,34.2,9.9,121.9,107.3
36,Jimmy Butler,Mia,F,33.6,64,33.4,25.6,10.2,555,0.85,785,0.564,103,0.35,0.56,0.647,22.9,5.8,5.3,1.8,0.3,1.6,28.7,28.2,34,10.7,135.9,111.3
37,Jalen Green,Hou,G,21.2,75,34.3,28.2,12.9,459,0.786,797,0.471,551,0.338,0.485,0.538,22.3,3.8,3.7,0.8,0.2,2.7,26,25.9,29.7,7.9,109,119.2
38,Keldon Johnson,San,F-G,23.5,63,32.7,27.9,10.7,327,0.749,706,0.523,407,0.329,0.512,0.551,22,5,2.9,0.7,0.2,2.1,27,24.9,29.9,8.4,108.1,117.9
39,Klay Thompson,Gol,G,33.2,68,33.2,26.3,8.8,132,0.879,518,0.471,720,0.41,0.555,0.574,21.9,4.1,2.4,0.7,0.4,1.8,26,24.3,28.4,7.2,109.6,114.5
40,Bojan Bogdanovic,Det,F,34,59,32.1,25.9,13.3,303,0.884,529,0.539,353,0.411,0.57,0.627,21.6,3.8,2.6,0.6,0.1,2.3,25.4,24.2,27.9,7.4,117.7,117.7
41,Darius Garland,Cle,G,23.2,69,35.5,26.9,15,322,0.863,717,0.492,412,0.41,0.537,0.587,21.6,2.7,7.8,1.2,0.1,2.9,24.3,29.4,32.1,8.7,117.8,109.4
42,Desmond Bane,Mem,G,24.8,58,31.8,26.1,11.8,205,0.883,532,0.534,407,0.408,0.568,0.606,21.5,5,4.4,1,0.4,2.2,26.5,25.9,30.9,9.8,118.9,107
43,Kyle Kuzma,Was,F,27.7,64,35,27.9,14.3,237,0.73,661,0.533,481,0.333,0.518,0.544,21.2,7.2,3.7,0.6,0.5,3,28.4,24.9,32.2,9.4,102.9,111.7
44,Terry Rozier,Cha,G,29.1,63,35.3,26.9,10.1,220,0.809,683,0.48,505,0.327,0.484,0.517,21.1,4.1,5.1,1.2,0.3,2.1,25.2,26.2,30.3,8.6,106.1,114.8
45,Anfernee Simons,Por,G,23.8,62,35,25.1,10.9,179,0.894,483,0.528,562,0.377,0.548,0.581,21.1,2.6,4.1,0.7,0.2,2.1,23.7,25.1,27.7,7,113.2,117.2
46,James Harden,Phi,G,33.6,58,36.8,25.1,18.8,361,0.867,424,0.495,419,0.384,0.536,0.607,21,6.1,10.7,1.2,0.5,3.4,27.1,31.6,37.7,12.1,123.3,110.8
47,CJ McCollum,Nor,G,31.6,74,35.3,26.4,12.1,230,0.774,782,0.469,538,0.392,0.518,0.544,20.9,4.4,5.8,0.9,0.5,2.4,25.2,26.6,31,9.2,109.9,111.4
48,Jordan Clarkson,Uta,G,30.8,61,32.6,27.9,15.3,245,0.816,572,0.53,459,0.338,0.519,0.558,20.8,4,4.4,0.5,0.2,3,24.9,25.3,29.3,8.8,108.7,115.9
49,Tyrese Haliburton,Ind,G,23.1,56,33.6,23.9,14.4,203,0.867,439,0.572,402,0.4,0.586,0.624,20.7,3.7,10.4,1.6,0.4,2.5,24.4,31.2,34.8,11,128.9,118.9
50,Bam Adebayo,Mia,C-F,25.7,74,35,25.3,14.4,402,0.806,1099,0.545,12,0.083,0.541,0.592,20.6,9.3,3.2,1.2,0.8,2.5,29.9,23.8,33.1,9.7,115.9,105.6
51,Jerami Grant,Por,F,29.1,63,35.6,22.9,11.3,342,0.813,554,0.523,359,0.401,0.554,0.606,20.5,4.5,2.4,0.8,0.8,1.8,25,22.9,27.3,6.8,117.4,115.6
52,Dejounte Murray,Atl,G,26.5,74,36.4,24.4,10.8,190,0.832,932,0.514,387,0.344,0.514,0.54,20.5,5.3,6.1,1.5,0.3,2.2,25.7,26.5,31.8,9.6,111.9,115.3
53,Jordan Poole,Gol,G,23.8,81,30.1,29.2,16.5,411,0.871,637,0.523,632,0.332,0.511,0.57,20.4,2.7,4.5,0.8,0.3,3.1,23.1,25,27.7,8.3,108.7,111.8
54,Karl-Anthony Towns,Min,C-F,27.4,27,33.1,25.3,17.4,129,0.876,240,0.579,150,0.353,0.56,0.616,20.4,8.1,4.8,0.7,0.5,3,28.5,25.2,33.3,11.2,116.5,104.4
55,Tyler Herro,Mia,G,23.2,66,35.3,25.6,12.4,182,0.934,570,0.495,536,0.379,0.53,0.566,20.3,5.4,4.2,0.8,0.2,2.4,25.8,24.5,30,8.7,109.3,112
56,Tyrese Maxey,Phi,G,22.4,60,33.6,24.1,8.1,213,0.845,543,0.514,370,0.432,0.568,0.605,20.3,2.9,3.5,0.8,0.1,1.3,23.2,23.8,26.8,7,120.2,111.9
57,Kelly Oubre Jr.,Cha,F-G,27.3,48,32.2,26.5,7.2,208,0.76,480,0.51,339,0.319,0.497,0.534,20.3,5.2,1.1,1.4,0.4,1.3,25.4,21.4,26.6,6.1,106.5,109.5
58,Paolo Banchero,Orl,F,20.4,72,33.7,27.5,15.1,534,0.738,837,0.471,285,0.298,0.465,0.529,20,6.9,3.7,0.8,0.5,2.8,26.9,23.7,30.6,9.5,105.1,109.7
59,Jamal Murray,Den,G,26.1,64,32.9,26.1,12.1,214,0.832,606,0.492,422,0.398,0.535,0.569,20,4,6.2,1,0.2,2.2,23.9,26.2,30.1,9.6,116.1,114.1
60,Cade Cunningham,Det,G,21.5,12,33.4,30,14.8,43,0.837,163,0.466,61,0.279,0.453,0.492,19.9,6.2,6,0.8,0.6,3.3,26.1,25.9,32.1,10.8,100.1,112.9
61,RJ Barrett,Nyk,F-G,22.8,72,33.9,26.3,12.2,387,0.742,773,0.495,387,0.31,0.485,0.531,19.6,5.1,2.8,0.4,0.2,2.2,24.7,22.4,27.5,7.7,106.9,111.2
62,Jrue Holiday,Mil,G,32.8,67,32.6,25,16.1,177,0.859,612,0.542,411,0.384,0.556,0.586,19.3,5.1,7.4,1.2,0.4,2.9,24.3,26.6,31.7,11,117.8,109.5
63,Fred VanVleet,Tor,G,29.1,69,36.7,23.2,11.2,283,0.898,506,0.455,606,0.342,0.486,0.54,19.3,4.1,7.2,1.8,0.6,2,23.4,26.5,30.6,9,116.6,109.9
64,Kevin Porter Jr.,Hou,G-F,22.9,59,34.3,24.3,17.5,264,0.784,499,0.501,385,0.366,0.522,0.565,19.2,5.3,5.7,1.4,0.3,3.2,24.5,24.9,30.2,9.7,112.2,114.5
65,Domantas Sabonis,Sac,F-C,26.9,78,34.8,21.3,19.7,435,0.743,846,0.638,83,0.373,0.631,0.668,19.2,12.4,7.3,0.8,0.5,2.9,31.5,26.5,38.8,13.8,132.5,105.7
66,Franz Wagner,Orl,F,21.6,79,32.8,23.5,12.8,316,0.839,754,0.544,359,0.362,0.544,0.589,18.7,4.1,3.5,0.9,0.2,2.1,22.8,22.2,26.3,7.9,115.1,110.8
67,Jaren Jackson Jr.,Mem,F-C,23.6,63,28.4,24.7,11.5,306,0.788,540,0.585,282,0.355,0.567,0.613,18.6,6.8,1,1,3,1.7,25.4,19.6,26.3,7.1,117.9,100.2
68,Devin Vassell,San,G-F,22.6,38,31,24.4,8.7,100,0.78,329,0.48,266,0.387,0.525,0.55,18.5,3.9,3.6,1.1,0.4,1.5,22.4,22.1,26,8.2,110.3,118.6
69,Deandre Ayton,Pho,C,24.7,67,30.4,22.9,11.9,200,0.76,863,0.597,24,0.292,0.592,0.617,18,10,1.7,0.6,0.8,1.8,27.9,19.7,29.6,8.9,118.9,104.6
70,Myles Turner,Ind,C-F,27,62,29.4,22.1,12.3,276,0.783,484,0.638,250,0.372,0.611,0.651,18,7.5,1.4,0.6,2.3,1.7,25.5,19.4,26.9,7.8,121.7,107.8
71,D'Angelo Russell,Min,G,27.1,54,32.9,22.8,16.8,167,0.856,348,0.546,378,0.392,0.567,0.605,17.9,3.1,6.2,1.1,0.4,2.7,21,24.1,27.1,8.5,115.5,112.9
72,Nikola Vucevic,Chi,C,32.5,81,33.7,21.8,10.9,158,0.835,792,0.596,347,0.349,0.574,0.595,17.8,11.1,3.3,0.7,0.7,1.7,28.8,21,32.1,10.3,118.1,106.3
73,Spencer Dinwiddie,Dal,G,30,53,34.1,21.9,11.4,207,0.821,353,0.504,341,0.405,0.555,0.599,17.7,3.1,5.2,0.7,0.3,1.7,20.8,23,26.1,7.7,120.8,114.1
74,Michael Porter Jr.,Den,F,24.8,61,29.1,22.6,7.7,120,0.8,358,0.578,445,0.416,0.603,0.622,17.5,5.5,1,0.6,0.5,1.1,23,18.5,24,6.3,118.6,111
75,D'Angelo Russell,Lal,G,27.1,16,30.8,22.8,15.1,46,0.739,105,0.552,103,0.417,0.589,0.611,17.4,3,6.1,0.6,0.4,2.3,20.4,23.6,26.6,8.9,118.6,113.8
76,Gary Trent Jr.,Tor,G-F,24.2,65,32.2,21.7,5.6,200,0.835,479,0.493,443,0.366,0.52,0.557,17.3,2.6,1.6,1.6,0.2,0.8,20,18.9,21.5,5.2,115.6,113.7
77,Mikal Bridges,Pho,F,26.6,56,36.4,19.2,9.3,174,0.897,503,0.503,261,0.387,0.529,0.574,17.2,4.3,3.6,1.2,0.8,1.4,21.6,20.8,25.2,7.1,118.5,112.6
78,Andrew Wiggins,Gol,F,28.1,37,32.2,21.4,8.3,72,0.611,304,0.53,225,0.396,0.557,0.564,17.1,5,2.3,1.2,0.8,1.3,22.1,19.4,24.4,7.2,112.9,109.9
79,O.G. Anunoby,Tor,F,25.7,67,35.6,19.5,13,167,0.838,518,0.539,367,0.387,0.556,0.586,16.8,5,2,1.9,0.7,2,21.7,18.7,23.7,6.2,112.7,108.7
80,Buddy Hield,Ind,G,30.3,79,31.1,21,11.8,129,0.822,361,0.518,671,0.422,0.593,0.61,16.8,5,2.8,1.2,0.3,1.7,21.8,19.6,24.6,7.9,115,115.3
81,Norman Powell,Lac,G,29.9,58,26,25.7,12.9,259,0.815,392,0.528,282,0.404,0.561,0.614,16.7,2.9,1.8,0.8,0.3,1.7,19.6,18.5,21.4,6.8,114.9,110.2
82,Josh Giddey,Okc,G,20.5,76,31.2,24.5,15.9,145,0.731,884,0.524,234,0.325,0.516,0.533,16.6,7.9,6.2,0.8,0.4,2.8,24.5,22.8,30.6,12,109.4,110.8
83,Cameron Johnson,Bro,F,27.1,25,30.8,21.1,8.2,87,0.851,145,0.572,156,0.372,0.565,0.61,16.6,4.8,2.1,1.4,0.3,1.1,21.4,18.6,23.4,7.2,120,110.2
84,Bennedict Mathurin,Ind,G-F,20.8,77,28.4,24.6,13.7,439,0.827,631,0.49,307,0.319,0.486,0.564,16.6,4.1,1.4,0.6,0.2,1.9,20.6,18,22.1,6.4,108.7,116
85,Christian Wood,Dal,F,27.5,67,25.9,26.4,13.6,281,0.772,490,0.594,279,0.376,0.583,0.624,16.6,7.3,1.8,0.4,1.1,1.8,24,18.4,25.8,9.3,117.2,106.7
86,Spencer Dinwiddie,Bro,G,30,26,35.3,22.5,13.4,123,0.797,207,0.488,149,0.289,0.465,0.523,16.5,4.1,9.1,1.1,0.3,2.1,20.6,25.6,29.7,9.6,115,112
87,Aaron Gordon,Den,F,27.6,67,30.3,21.1,11.5,309,0.608,580,0.628,171,0.345,0.603,0.616,16.3,6.6,3,0.8,0.8,1.5,22.9,19.3,25.9,9.1,124.8,111.5
88,Jaden Ivey,Det,G,21.1,73,31.1,25.4,19.4,356,0.747,620,0.458,343,0.344,0.479,0.531,16.3,3.9,5.3,0.8,0.2,3.2,20.2,21.5,25.4,8.9,103.8,112.5
89,Evan Mobley,Cle,C,21.8,78,34.7,20.2,13.3,303,0.673,840,0.595,102,0.216,0.566,0.591,16.3,9.1,2.9,0.8,1.5,1.9,25.3,19.2,28.2,8.7,118.2,104
90,Brook Lopez,Mil,C,35,78,30.4,19.3,10.6,190,0.784,535,0.637,364,0.374,0.606,0.63,15.9,6.7,1.3,0.5,2.5,1.4,22.5,17.2,23.8,6.8,122.5,106.1
91,Russell Westbrook,Lal,G,34.4,52,28.7,28.9,20.2,238,0.655,516,0.467,213,0.296,0.46,0.496,15.9,6.2,7.5,1,0.4,3.6,22.1,23.4,29.6,12.6,101,106.7
92,P.J. Washington,Cha,F,24.6,73,32.6,20.6,10.1,174,0.73,550,0.518,428,0.348,0.52,0.542,15.7,4.9,2.4,0.9,1.1,1.5,20.6,18.1,23,7,107.2,111.4
93,Wendell Carter Jr.,Orl,C-F,24,56,29.9,20.6,14.8,195,0.738,388,0.624,222,0.36,0.593,0.624,15.5,8.8,2.3,0.5,0.6,1.9,24.3,17.8,26.6,9.1,119.6,105.6
94,Skylar Mays,Por,G,25.6,4,29.6,18.1,14.8,5,1,23,0.652,17,0.529,0.713,0.735,15.5,3.8,7.3,0.8,0.3,1.8,19.3,22.8,26.5,10.2,143.2,115.3
95,Scottie Barnes,Tor,F,21.7,76,34.9,20.4,13.2,246,0.772,785,0.504,222,0.284,0.487,0.525,15.4,6.7,4.8,1.1,0.8,2,22.1,20.2,26.9,9.1,112.8,111.7
96,De'Andre Hunter,Atl,F-G,25.3,66,32,19.6,9,204,0.824,530,0.519,283,0.35,0.521,0.562,15.4,4.3,1.4,0.5,0.3,1.2,19.6,16.8,21,5.7,111.7,111.2
97,Kevin Huerter,Sac,G-F,24.6,74,29.5,19.8,10,131,0.725,351,0.604,506,0.401,0.603,0.617,15.2,3.4,2.9,1.1,0.3,1.3,18.6,18.2,21.6,7.2,119.6,111.3
98,Khris Middleton,Mil,F,31.7,33,24.3,27.4,14.9,102,0.902,244,0.516,162,0.315,0.499,0.551,15.1,4.2,4.9,0.7,0.2,2.2,19.3,20,24.2,11.1,113.3,106
99,Russell Westbrook,Lac,G,34.4,19,30,24.9,22.4,66,0.652,163,0.546,66,0.333,0.533,0.556,15.1,4.7,7.6,1.2,0.5,3.5,19.8,22.7,27.4,10.9,109.2,110.1
100,Harrison Barnes,Sac,F,30.9,81,32.6,17,9.8,411,0.847,439,0.551,346,0.367,0.551,0.628,15,4.5,1.6,0.7,0.1,1,19.5,16.6,21.1,5.8,126.4,116.5
101,Malcolm Brogdon,Bos,G,30.3,67,26,22.8,11.8,184,0.87,435,0.51,297,0.444,0.574,0.615,14.9,4.2,3.7,0.7,0.3,1.5,19.1,18.6,22.8,9.4,122.1,108.3
102,Saddiq Bey,Det,F,24,52,28.8,21.4,8.2,209,0.861,313,0.46,293,0.345,0.488,0.552,14.8,4.7,1.6,1,0.2,1,19.5,16.4,21.1,6.7,114.7,116.4
103,Alperen Sengun,Hou,C,20.7,74,29,21.3,19.3,283,0.714,733,0.572,57,0.333,0.566,0.6,14.8,9,3.9,0.9,0.9,2.6,23.8,18.7,27.7,11.1,117.6,108
104,Tobias Harris,Phi,F,30.7,74,32.9,18.2,9.5,129,0.876,521,0.57,324,0.389,0.575,0.602,14.7,5.7,2.5,0.9,0.5,1.2,20.4,17.2,22.9,7.2,118.8,110.2
105,Gordon Hayward,Cha,F,33,50,31.5,20,14.6,159,0.811,421,0.532,160,0.325,0.52,0.563,14.7,4.3,4.1,0.8,0.2,2,19,18.8,23.1,8.1,110.3,115.6
106,Immanuel Quickley,Nyk,G,23.8,80,28.8,20.7,9.3,239,0.812,471,0.52,443,0.372,0.539,0.578,14.7,4.1,3.4,1,0.2,1.2,18.8,18.1,22.2,8.2,122.2,110.1
107,Trey Murphy III,Nor,F,22.8,78,30.9,16.6,7.2,182,0.907,296,0.608,493,0.408,0.61,0.649,14.5,3.6,1.4,1.1,0.6,0.8,18,15.9,19.4,5.4,128.3,110.3
108,Jarrett Allen,Cle,C,25,67,32.9,16.5,12.9,221,0.733,613,0.653,9,0.111,0.645,0.671,14.4,9.9,1.7,0.8,1.2,1.4,24.3,16.1,25.9,7.6,133.4,105
109,Tim Hardaway Jr.,Dal,G-F,31.1,71,30.3,20.6,6.6,165,0.77,297,0.431,550,0.385,0.527,0.554,14.4,3.5,1.8,0.7,0.2,0.8,17.9,16.2,19.7,5.9,110.2,114.7
110,Dillon Brooks,Mem,G-F,27.2,73,30.3,21.8,9.5,154,0.779,552,0.451,439,0.326,0.468,0.494,14.3,3.3,2.6,0.9,0.2,1.4,17.7,16.9,20.3,6.6,102.4,105.5
111,Collin Sexton,Uta,G,24.3,48,23.9,23.4,15.2,199,0.819,347,0.545,122,0.393,0.557,0.615,14.3,2.2,2.9,0.6,0.1,1.8,16.5,17.1,19.3,7.5,119.5,112.3
112,Jonas Valanciunas,Nor,C,30.9,78,25,23.3,16.4,224,0.826,696,0.58,106,0.349,0.573,0.613,14.2,10.1,1.8,0.3,0.7,2,24.2,15.9,26,10.2,117.3,99.9
113,Markelle Fultz,Orl,G,24.9,59,29.9,21.3,17.1,143,0.783,589,0.543,84,0.31,0.533,0.564,14.1,3.9,5.7,1.5,0.4,2.4,18,19.8,23.8,9.1,113.1,109.3
114,Bobby Portis,Mil,F,28.2,69,26.1,21.6,9.1,125,0.768,536,0.556,253,0.368,0.554,0.575,14.1,9.7,1.5,0.4,0.2,1.1,23.8,15.6,25.3,9,117.8,105.1
115,Jalen Williams,Okc,G-F,22,75,30.3,18.4,13.4,191,0.812,589,0.579,205,0.356,0.567,0.601,14.1,4.5,3.3,1.4,0.5,1.6,18.6,17.4,21.9,7.8,118.6,109.6
116,Bogdan Bogdanovic,Atl,G,30.6,54,27.9,19.8,9.6,77,0.831,251,0.506,360,0.406,0.566,0.586,14,3,2.8,0.8,0.3,1.2,17,16.8,19.8,7,116.4,115
117,Cameron Johnson,Pho,F,27.1,17,25.3,19.6,5.5,33,0.818,74,0.5,99,0.455,0.604,0.629,13.9,3.8,1.5,0.9,0.4,0.6,17.7,15.4,19.2,6.8,127.4,110.4
118,Chris Paul,Pho,G,37.9,59,32,19.2,14.6,160,0.831,407,0.482,261,0.375,0.513,0.555,13.9,4.3,8.9,1.5,0.4,1.9,18.1,22.8,27,10.1,122,109.6
119,Luguentz Dort,Okc,G,24,74,30.7,19.8,9.5,259,0.772,464,0.44,409,0.33,0.466,0.513,13.7,4.6,2.1,1,0.3,1.2,18.3,15.8,20.4,6.6,109.3,108.3
120,Mike Conley,Min,G,35.5,22,31.5,16.5,10.8,62,0.871,90,0.5,125,0.416,0.572,0.619,13.6,3.3,4.9,1.3,0.2,1.2,16.9,18.5,21.8,7.7,128.8,113.4
121,Rudy Gobert,Min,C,30.8,68,31,16.4,18.3,335,0.648,537,0.661,3,0,0.657,0.674,13.6,11.7,1.2,0.8,1.3,1.8,25.4,14.8,26.6,7.4,127.9,103.8
122,Malik Monk,Sac,G,25.2,76,22.4,25.8,15.1,207,0.889,395,0.537,396,0.361,0.539,0.588,13.6,2.7,3.9,0.6,0.3,1.9,16.3,17.5,20.2,9.3,114.6,112.4
123,Malik Beasley,Uta,G,26.4,55,26.7,21.3,8.2,44,0.841,198,0.485,471,0.359,0.522,0.535,13.4,3.6,1.7,0.8,0.1,1.1,17,15.1,18.7,6.5,107.3,115.3
124,Jakob Poeltl,Tor,C,27.5,25,27.8,17.4,11.5,72,0.569,224,0.656,0,0,0.656,0.655,13.4,9.3,2.2,1.2,1.4,1.2,22.7,15.6,24.9,9.3,132.4,103.3
125,Jusuf Nurkic,Por,C,28.6,52,26.7,22.2,19.1,192,0.661,386,0.567,119,0.361,0.561,0.589,13.3,9.1,2.9,0.8,0.8,2.3,22.4,16.2,25.3,10.6,112.8,103.5
126,John Collins,Atl,F-C,25.5,71,30,17,10,178,0.803,467,0.619,240,0.292,0.557,0.593,13.1,6.5,1.2,0.6,1,1.1,19.6,14.3,20.8,6.2,116.7,108.1
127,Eric Gordon,Hou,G,34.3,47,30.2,18.1,14.8,135,0.815,233,0.536,245,0.347,0.528,0.572,13.1,2.1,2.9,0.6,0.4,1.8,15.1,16,18,5.7,112.6,122.3
128,Cole Anthony,Orl,G,22.9,60,25.9,21.5,13,170,0.894,404,0.5,206,0.364,0.516,0.57,13,4.8,3.9,0.6,0.5,1.5,17.8,16.9,21.7,9.6,116.8,106.2
129,Devonte' Graham,San,G,28.1,20,26.4,20.2,11.5,72,0.75,52,0.442,148,0.358,0.513,0.559,13,2.5,4,0.8,0.3,1.3,15.5,17,19.5,7.7,116.3,119
130,Rui Hachimura,Was,F,25.2,30,24.3,23,10,58,0.759,235,0.545,89,0.337,0.534,0.558,13,4.3,1.2,0.4,0.4,1.2,17.3,14.2,18.4,6.7,106.2,113.8
131,Austin Reaves,Lal,G,24.9,63,28.7,16.3,16.9,262,0.863,273,0.634,212,0.392,0.613,0.684,13,3,3.3,0.5,0.3,1.6,16,16.3,19.3,7,128.8,112.5
132,Alec Burks,Det,G,31.7,51,22,22.8,11.2,188,0.814,220,0.459,239,0.414,0.544,0.602,12.8,3.1,2.2,0.7,0.2,1.1,15.9,15,18.1,8.1,119.8,113
133,Jordan Nwora,Ind,F,24.6,23,24.7,21.1,10.8,42,0.714,135,0.511,103,0.408,0.555,0.573,12.8,4.7,2.2,0.5,0.3,1.3,17.5,15,19.7,8.3,112.3,115.6
134,James Wiseman,Det,C,22,23,25.2,21.5,12.3,55,0.709,217,0.567,18,0.167,0.543,0.567,12.8,7.9,0.7,0.2,0.8,1.4,20.7,13.5,21.4,6.6,109.5,108.3
135,Tre Jones,San,G,23.2,66,29.2,19.4,13,168,0.869,567,0.499,153,0.281,0.483,0.53,12.7,3.5,6.5,1.3,0.1,1.6,16.3,19.2,22.7,9.1,115.8,118.6
136,Kenyon Martin Jr.,Hou,F,22.3,81,28,16.4,11.4,220,0.677,494,0.682,214,0.318,0.62,0.638,12.7,5.5,1.5,0.5,0.4,1.1,18.2,14.2,19.7,6.7,125.8,116.6
137,Jabari Smith Jr.,Hou,F,19.9,78,31,18.4,10.5,198,0.783,493,0.485,388,0.307,0.474,0.511,12.7,7.2,1.3,0.6,0.9,1.3,19.9,14,21.2,6.3,107,112.3
138,Nic Claxton,Bro,F-C,24,76,29.9,15.5,14.1,246,0.541,585,0.708,2,0,0.705,0.691,12.6,9.2,1.9,0.9,2.5,1.3,21.9,14.5,23.8,8.1,133.5,105.1
139,Dennis Schroder,Lal,G,29.6,66,30.1,18.6,14.7,252,0.857,426,0.46,225,0.329,0.472,0.545,12.6,2.5,4.5,0.8,0.2,1.7,15.1,17.1,19.6,6.9,111.5,111
140,Derrick White,Bos,G,28.8,81,28.6,17.6,11.1,192,0.875,367,0.548,389,0.38,0.56,0.603,12.5,3.6,3.9,0.7,0.9,1.2,16.1,16.5,20.1,7.8,124.5,107.7
141,Kris Dunn,Uta,G,29.1,20,24.5,19.9,13.5,43,0.744,152,0.553,33,0.455,0.576,0.601,12.3,4.1,5.1,1.1,0.5,1.5,16.4,17.4,21.5,10.4,124,107.1
142,Kelly Olynyk,Uta,F-C,32,67,28.6,17.7,23.2,230,0.852,312,0.574,231,0.39,0.578,0.64,12.3,6.2,3.7,0.9,0.5,2.4,18.5,16,22.2,9.2,117.5,106
143,Jaden McDaniels,Min,F,22.5,77,30.9,15.9,13.5,144,0.736,444,0.588,264,0.39,0.587,0.607,12.2,3.9,1.9,0.9,1,1.4,16.1,14.1,18,5.8,114.9,107.7
144,Keegan Murray,Sac,F,22.6,79,29.8,15.7,7.2,81,0.765,277,0.52,493,0.414,0.584,0.597,12.2,4.6,1.2,0.8,0.5,0.8,16.8,13.4,18,5.5,118.8,112.8
145,Mason Plumlee,Cha,F-C,33.1,56,28.5,15.7,17.8,256,0.605,396,0.669,0,0,0.669,0.673,12.2,9.6,3.7,0.6,0.6,1.5,21.9,15.9,25.5,10.6,134.2,106.8
146,Thomas Bryant,Lal,C-F,25.7,41,21.3,18.2,8.5,108,0.741,251,0.697,50,0.44,0.691,0.712,12.1,6.8,0.7,0.3,0.6,0.7,18.9,12.8,19.6,7.3,138.3,105.3
147,Bones Hyland,Den,G,22.6,42,19.5,28.5,13.4,82,0.866,193,0.425,241,0.378,0.503,0.54,12.1,2,3,0.7,0.3,1.6,14.1,15.1,17.1,8.6,106.2,110.3
148,Caris LeVert,Cle,G,28.6,74,30.3,18.7,13.5,180,0.722,418,0.462,324,0.392,0.517,0.546,12.1,3.8,3.9,1,0.3,1.6,15.9,16,19.8,7.4,111.6,106.7
149,Jakob Poeltl,San,C,27.5,46,26.1,18.7,19.8,129,0.605,387,0.618,1,0,0.616,0.625,12.1,9,3.1,0.8,1.1,2.1,21.1,15.2,24.2,10.7,119.2,110.8
150,Marvin Bagley III,Det,F,24.1,41,23.7,20.3,10.6,108,0.75,309,0.583,62,0.274,0.554,0.588,12,6.4,0.9,0.4,0.7,1.1,18.4,12.9,19.3,6.9,118.3,113.1
151,Clint Capela,Atl,C,28.9,65,26.6,15.7,9.1,131,0.603,535,0.654,1,0,0.653,0.656,12,11,0.9,0.7,1.2,0.8,23,12.9,23.9,7.4,137.1,107.9
152,Saddiq Bey,Atl,F,24,24,25.6,17.2,7.1,29,0.862,100,0.55,122,0.402,0.579,0.601,11.8,4.8,1.3,0.7,0,0.7,16.6,13,17.9,6.5,123.9,113.7
153,Max Strus,Mia,G-F,27,79,28.6,17.6,8,89,0.876,226,0.562,562,0.351,0.536,0.558,11.7,3.3,2.1,0.5,0.1,0.9,14.9,13.8,17.1,6.1,113.2,110.2
154,Lonnie Walker IV,Lal,G-F,24.3,56,23.2,20.2,8,106,0.858,278,0.522,249,0.365,0.534,0.57,11.7,1.9,1.1,0.5,0.3,0.8,13.6,12.8,14.8,5,111.1,112.9
155,Zach Collins,San,F-C,25.4,63,22.9,21.3,19,142,0.761,401,0.571,147,0.374,0.568,0.599,11.6,6.4,2.9,0.6,0.8,2,18,14.5,20.8,10.5,112.5,107.3
156,Eric Gordon,Lac,G,34.3,20,25.4,16.9,10.6,38,0.842,62,0.532,98,0.449,0.619,0.651,11.5,1.8,2.3,0.6,0.4,1,13.3,13.8,15.5,5.7,125.8,113.9
157,Naz Reid,Min,C-F,23.6,68,18.4,24.8,13.7,127,0.677,360,0.653,217,0.346,0.602,0.617,11.5,4.9,1.1,0.6,0.8,1.4,16.4,12.6,17.5,8.6,112.6,100.7
158,Josh Richardson,San,G,29.6,42,23.7,20.6,13.4,60,0.883,199,0.518,207,0.357,0.527,0.556,11.5,2.8,3.3,1,0.3,1.5,14.3,14.7,17.5,8,110.7,116.8
159,Marcus Smart,Bos,G,29.1,61,32.1,17.8,19.2,118,0.746,260,0.519,342,0.336,0.511,0.538,11.5,3.1,6.3,1.5,0.4,2.3,14.7,17.8,20.9,7.6,110.7,105.8
160,Bruce Brown,Den,G-F,26.6,79,28.5,17.7,14.5,148,0.764,471,0.548,253,0.36,0.545,0.572,11.4,4.1,3.3,1.1,0.6,1.6,15.5,14.7,18.8,7.5,113,109.1
161,Kyle Lowry,Mia,G,37,54,31.6,16.8,17.4,135,0.859,175,0.509,309,0.346,0.515,0.566,11.4,4.1,5.1,1.1,0.4,1.9,15.5,16.5,20.7,7.8,115,107.6
162,John Wall,Lac,G,32.6,34,22.2,27.1,19.1,113,0.681,229,0.459,109,0.303,0.457,0.498,11.4,2.7,5.2,0.8,0.4,2.4,14.1,16.6,19.3,9.8,102.2,109.9
163,Luke Kennard,Mem,G,26.8,24,24.6,13.8,8.5,19,0.947,34,0.471,137,0.54,0.743,0.758,11.3,3.1,2.3,0.5,0,0.7,14.5,13.6,16.7,7,145.5,110.6
164,Isaiah Stewart,Det,F-C,21.9,50,28.3,17.3,13.4,149,0.738,236,0.542,205,0.327,0.518,0.56,11.3,8.1,1.4,0.4,0.7,1.4,19.4,12.7,20.8,7.1,113.7,111
165,Marcus Morris Sr.,Lac,F,33.6,65,28.1,17.7,8,87,0.782,336,0.482,307,0.365,0.513,0.534,11.2,4,1.8,0.6,0.3,0.9,15.2,13,16.9,6.1,108.2,110.5
166,Quentin Grimes,Nyk,G,22.9,70,29.8,14.4,10.6,97,0.794,192,0.635,397,0.383,0.594,0.615,11.1,3.3,2.1,0.7,0.4,1,14.4,13.2,16.5,5.7,123.5,110.4
167,Malik Beasley,Lal,G,26.4,25,23.8,21,10.4,17,0.647,80,0.475,178,0.354,0.514,0.52,11,3.2,1.1,0.8,0,1.2,14.3,12.2,15.4,5.7,97.5,111.1
168,Corey Kispert,Was,F,24.1,73,28.5,14.1,8.8,87,0.851,200,0.635,378,0.418,0.63,0.651,11,2.8,1.2,0.4,0.1,0.8,13.8,12.2,15,4.7,123.3,116.6
169,Cam Reddish,Por,F-G,23.6,20,27.6,17.9,15.4,42,0.833,88,0.568,88,0.318,0.523,0.563,11,2.9,1.9,1.2,0.3,1.6,13.8,12.8,15.7,5.7,105.9,114.4
170,Jeremy Sochan,San,F,19.9,56,26,19.9,14.9,116,0.698,418,0.519,134,0.246,0.483,0.509,11,5.3,2.5,0.8,0.4,1.7,16.2,13.5,18.8,8.1,102.7,113.5
171,Bones Hyland,Lac,G,22.6,12,18.8,26.3,10.1,18,0.722,52,0.442,63,0.381,0.513,0.533,10.9,3.2,3.5,0.8,0.2,1.1,14.1,14.4,17.6,10.6,114.1,103.7
172,Reggie Jackson,Lac,G,33,52,25.7,20.8,15.8,66,0.924,292,0.469,220,0.35,0.493,0.523,10.9,2.2,3.5,0.7,0.1,1.8,13.1,14.4,16.6,6.8,103.2,112.3
173,Jaylen Nowell,Min,G,23.7,65,19.3,25,9.4,99,0.778,393,0.542,231,0.29,0.502,0.527,10.8,2.6,2,0.6,0.1,1,13.4,12.9,15.5,7.9,106.2,110.4
174,Kentavious Caldwell-Pope,Den,G,30.1,75,31.4,14.1,12.1,124,0.823,309,0.505,311,0.415,0.564,0.594,10.7,2.8,2.4,1.5,0.4,1.1,13.5,13.1,15.9,5.3,116.1,112.2
175,Mike Conley,Uta,G,35.5,43,29.7,16.1,16.5,96,0.813,162,0.469,213,0.362,0.511,0.552,10.7,2.5,7.7,1,0.2,1.7,13.2,18.4,20.9,8,123,113.9
176,Talen Horton-Tucker,Uta,G,22.4,65,20.2,25.9,17,168,0.75,410,0.485,203,0.286,0.467,0.508,10.7,3.2,3.8,0.6,0.4,1.9,14,14.5,17.8,10,104.2,111.4
177,Ivica Zubac,Lac,C,26.1,74,28.7,14.8,18.9,236,0.695,497,0.634,2,0,0.631,0.659,10.7,10,1,0.4,1.3,1.6,20.7,11.8,21.7,6.6,126.4,104.9
178,Jalen McDaniels,Cha,F-C,25.2,56,26.7,17.4,13.8,104,0.846,292,0.534,202,0.322,0.513,0.551,10.6,4.8,2,1.2,0.5,1.4,15.4,12.6,17.4,7,106.4,107
179,Victor Oladipo,Mia,G,30.9,41,26.4,20.8,17.1,79,0.747,187,0.471,204,0.319,0.474,0.505,10.5,3.1,3.4,1.3,0.3,2,13.6,13.9,16.9,7.3,98.4,105.9
180,Moritz Wagner,Orl,F-C,26,57,19.5,21.1,14.6,182,0.841,233,0.631,163,0.313,0.564,0.63,10.5,4.5,1.5,0.6,0.2,1.2,15.1,12,16.5,8.5,122.3,102.9
181,Grayson Allen,Mil,G,27.5,72,27.4,14.6,11.4,126,0.905,191,0.518,366,0.399,0.571,0.612,10.4,3.3,2.3,0.9,0.2,1,13.7,12.7,16,6.3,123.6,109.9
182,Josh Hart,Nyk,G,28.1,24,30.2,12.4,19.5,57,0.789,97,0.619,51,0.529,0.679,0.711,10.3,6.9,3.6,1.4,0.5,1.5,17.1,13.8,20.7,8.4,136.9,106.6
183,Tyus Jones,Mem,G,26.9,80,24.2,17.7,9.4,100,0.8,384,0.495,326,0.371,0.523,0.546,10.3,2.5,5.2,1,0.1,0.9,12.8,15.5,18,8.5,122.2,114.8
184,Monte Morris,Was,G,27.8,62,27.4,15.6,10.4,77,0.831,311,0.543,204,0.382,0.555,0.579,10.3,3.4,5.3,0.7,0.2,1,13.6,15.5,18.9,8.3,125.2,115.5
185,Svi Mykhailiuk,Cha,G-F,25.8,18,21.8,18.9,11.7,32,0.656,64,0.484,79,0.43,0.573,0.589,10.3,2.2,2.6,0.7,0.2,1.1,12.4,12.8,15,7.1,116.3,116
186,Cameron Payne,Pho,G,28.7,48,20.2,24.8,15.2,64,0.766,268,0.448,185,0.368,0.49,0.512,10.3,2.2,4.5,0.7,0.2,1.7,12.5,14.7,16.9,9.3,106,108.4
187,Patrick Williams,Chi,F,21.6,81,28.4,15.8,13.1,105,0.857,396,0.5,276,0.417,0.551,0.579,10.3,4,1.2,0.9,0.9,1.2,14.3,11.5,15.5,5.2,109,110.2
188,Doug McDermott,San,F,31.3,64,20.5,19.3,10,70,0.757,225,0.516,298,0.413,0.575,0.59,10.2,2.2,1.4,0.2,0.1,0.9,12.4,11.6,13.8,6.2,113,116.6
189,Killian Hayes,Det,G,21.7,75,28.2,20.4,17.4,104,0.817,519,0.428,278,0.277,0.423,0.451,10.1,2.8,6.2,1.4,0.4,2.2,13,16.3,19.1,7.9,98.2,111.4
190,De'Anthony Melton,Phi,G,24.9,77,27.9,16.5,13.5,87,0.793,248,0.484,403,0.39,0.546,0.566,10.1,4.1,2.6,1.6,0.5,1.3,14.2,12.7,16.8,6.8,111.6,106.1
191,Aaron Nesmith,Ind,G-F,23.5,72,24.9,16.8,11.3,139,0.835,271,0.491,311,0.367,0.522,0.563,10.1,3.8,1.3,0.8,0.4,1,13.8,11.4,15.2,5.9,111,108.9
192,Brandon Clarke,Mem,F,26.5,56,19.5,17.7,13.6,137,0.723,343,0.665,6,0.167,0.658,0.682,10,5.5,1.3,0.6,0.7,1,15.5,11.3,16.8,8.5,131.1,100.8
193,Cam Thomas,Bro,G,21.5,56,16.2,27.4,12.1,166,0.861,302,0.464,125,0.36,0.486,0.558,10,1.7,1.4,0.3,0.1,1.1,11.6,11.3,13,7.1,107,113.9
194,Malaki Branham,San,F,19.9,64,23.4,19,11.2,63,0.81,339,0.528,246,0.305,0.498,0.517,9.9,2.7,2,0.5,0.1,1.2,12.6,11.9,14.6,6.4,102.3,117.2
195,Herbert Jones,Nor,F,24.5,65,29.4,14.6,14.6,159,0.761,332,0.536,165,0.339,0.527,0.569,9.9,4.1,2.4,1.5,0.6,1.3,14,12.4,16.4,6.3,115.6,104.7
196,Jonathan Kuminga,Gol,F,20.5,66,20.8,19.6,15.9,136,0.647,343,0.589,145,0.366,0.577,0.594,9.9,3.4,1.8,0.6,0.4,1.4,13.3,11.7,15.1,7.6,112,107.6
197,Onyeka Okongwu,Atl,F-C,22.3,79,23.1,15.1,14,194,0.784,479,0.647,11,0.273,0.642,0.679,9.9,7.2,1,0.7,1.4,1,17.1,10.9,18.1,7.2,135,103.4
198,Jalen Suggs,Orl,G,21.8,52,23.7,20.4,17.5,119,0.723,239,0.498,199,0.322,0.491,0.526,9.9,3,2.9,1.3,0.5,1.8,12.9,12.9,15.8,7.5,104.3,106.7
199,Al Horford,Bos,C-F,36.8,63,30.5,11.9,7.2,21,0.714,154,0.539,325,0.446,0.627,0.631,9.8,6.2,3,0.5,1,0.6,16,12.8,19,7.4,133.4,108.1
200,Sandro Mamukelashvili,San,F-C,23.9,17,22.7,19.3,13.9,33,0.727,86,0.535,56,0.304,0.504,0.533,9.8,6.6,2.2,0.5,0.4,1.4,16.4,12.1,18.6,9.2,112.7,114.5
201,Caleb Martin,Mia,F,27.5,70,29.5,14.5,12.5,113,0.805,311,0.543,235,0.357,0.54,0.572,9.7,4.9,1.7,1,0.4,1.1,14.6,11.4,16.3,5.9,113.5,108.7
202,Eugene Omoruyi,Det,F,26.1,17,21.9,19.7,11.8,47,0.723,76,0.526,58,0.293,0.489,0.533,9.7,3.5,1,0.8,0.2,1.1,13.2,10.7,14.2,5.9,107.6,109.8
203,Coby White,Chi,G,23.1,73,23.5,17.9,11,70,0.871,248,0.54,342,0.371,0.55,0.572,9.7,2.9,2.8,0.7,0.1,1,12.6,12.5,15.4,7.3,112.9,109.3
204,Julian Champagnie,San,F,21.8,13,19,18.4,8.5,10,0.8,34,0.618,62,0.403,0.609,0.623,9.6,3.5,0.5,0.4,0.4,0.7,13.2,10.1,13.6,5.4,116.6,113.9
205,Shaedon Sharpe,Por,G,19.9,78,22,18.5,10.9,99,0.707,344,0.558,266,0.365,0.553,0.57,9.6,2.9,1.1,0.4,0.3,1,12.4,10.7,13.5,5.7,110.1,114.7
206,Rui Hachimura,Lal,F,25.2,32,22.3,17.1,6.5,58,0.724,181,0.552,65,0.323,0.535,0.562,9.5,4.7,0.7,0.3,0.4,0.5,14.2,10.2,14.9,5.7,114.6,112
207,Josh Hart,Por,G,28.1,51,33.4,12.6,17.9,119,0.731,251,0.594,112,0.304,0.551,0.586,9.5,8.2,3.9,1.1,0.2,1.5,17.7,13.5,21.6,8.1,121.7,111.5
208,Isaiah Joe,Okc,G,23.8,73,19.1,17.7,7.1,100,0.82,114,0.553,394,0.409,0.599,0.626,9.5,2.4,1.2,0.7,0.1,0.5,11.9,10.7,13.1,6.3,125,111.3
209,Gabe Vincent,Mia,G,26.8,67,26.1,17.5,14,77,0.883,216,0.509,349,0.335,0.505,0.533,9.5,2.2,2.5,0.9,0.1,1.4,11.7,12,14.2,5.7,104.3,108.1
210,T.J. Warren,Bro,F,29.6,26,18.9,20.9,7.8,33,0.818,152,0.566,48,0.333,0.55,0.576,9.5,2.8,1.1,0.6,0.3,0.7,12.3,10.6,13.4,6.5,112.5,108.9
211,Kyle Anderson,Min,F-G,29.5,67,28.3,14.5,17.2,136,0.735,380,0.534,101,0.416,0.553,0.584,9.4,5.3,4.9,1.1,0.9,1.5,14.8,14.3,19.6,8.8,120.6,108.9
212,Keita Bates-Diop,San,F,27.2,65,21.6,16.3,10.8,141,0.801,301,0.558,135,0.393,0.568,0.61,9.4,3.7,1.5,0.7,0.3,0.8,13,10.8,14.5,6.9,121.7,119.1
213,Chris Boucher,Tor,F-C,30.2,75,20.1,18,6.9,166,0.759,334,0.584,189,0.328,0.551,0.589,9.4,5.5,0.4,0.6,0.8,0.5,14.9,9.7,15.3,5.5,125.5,107.1
214,Donte DiVincenzo,Gol,G,26.2,71,26.4,15.1,17.1,69,0.812,160,0.525,373,0.397,0.574,0.593,9.4,4.5,3.4,1.3,0.1,1.5,13.9,12.8,17.3,7.9,116.8,110.7
215,Jalen Smith,Ind,F-C,23.1,68,18.8,21,12.4,137,0.759,317,0.593,191,0.283,0.53,0.565,9.4,5.8,1,0.3,0.9,1.1,15.2,10.4,16.2,8.1,113.6,107.8
216,Hamidou Diallo,Det,G,24.7,56,17.8,21.9,15.9,148,0.588,354,0.593,21,0.238,0.58,0.593,9.3,3.5,1,0.9,0.3,1.3,12.8,10.3,13.8,7.2,109.4,107.4
217,Andrew Nembhard,Ind,G-F,23.2,74,27.5,16.1,16.4,57,0.789,371,0.501,260,0.35,0.511,0.526,9.3,2.6,4.5,0.9,0.2,1.7,12,13.8,16.5,6.9,107.1,114.6
218,Deni Avdija,Was,F,22.3,76,26.6,16.7,17.5,165,0.739,347,0.53,232,0.297,0.497,0.535,9.2,6.4,2.8,0.9,0.4,1.6,15.6,11.9,18.4,8.2,106,105.9
219,Seth Curry,Bro,G,32.6,61,19.8,19.2,10.2,55,0.927,217,0.525,232,0.405,0.568,0.593,9.2,1.6,1.6,0.6,0.1,0.8,10.8,10.8,12.5,5.8,112.8,112
220,Jalen Duren,Det,C,19.4,66,24.8,14.3,17.9,157,0.611,391,0.655,2,0,0.651,0.658,9.2,8.7,1.1,0.7,0.9,1.3,18,10.3,19.1,7.2,128,108.2
221,Tari Eason,Hou,F,21.9,81,21.5,19.3,13.2,141,0.752,480,0.483,169,0.343,0.492,0.523,9.2,6,1,1.2,0.6,1.2,15.2,10.2,16.2,7.1,109.4,108.7
222,Walker Kessler,Uta,C,21.7,74,23,13.3,12.3,159,0.516,411,0.723,3,0.333,0.721,0.702,9.2,8.4,0.9,0.4,2.3,0.8,17.6,10.1,18.5,7.2,140.1,107.4
223,Precious Achiuwa,Tor,F,23.6,54,20.6,19.3,12.7,124,0.702,290,0.562,103,0.262,0.518,0.552,9.1,5.8,0.9,0.5,0.6,1.1,15,10.1,15.9,7,112.4,107.2
224,Bol Bol,Orl,C-F,23.4,69,21.4,18.1,19.2,107,0.766,356,0.638,110,0.273,0.584,0.61,9.1,5.8,0.9,0.4,1.2,1.6,14.9,10,15.8,6.8,106.6,109.1
225,Dorian Finney-Smith,Dal,F,29.9,40,32.2,12.8,10.4,40,0.75,93,0.559,217,0.355,0.54,0.557,9.1,4.7,1.5,1,0.5,0.9,13.8,10.6,15.3,5,115.5,113.9
226,Josh Green,Dal,G,22.4,60,25.7,14.6,15.8,94,0.723,213,0.643,169,0.402,0.626,0.645,9.1,3,1.7,0.7,0.1,1.2,12.1,10.8,13.9,5.6,120.1,110
227,Naji Marshall,Nor,F,25.2,76,23.4,17.9,14.5,173,0.786,352,0.511,216,0.306,0.491,0.539,9.1,3.7,2.5,0.7,0.2,1.3,12.8,11.6,15.3,7.5,108.7,109.8
228,Jae'Sean Tate,Hou,F,27.4,31,21.8,18.8,17,69,0.725,183,0.53,46,0.283,0.509,0.546,9.1,3.8,2.7,0.7,0.2,1.5,12.9,11.8,15.6,8.3,111.2,106.3
229,Santi Aldama,Mem,F-C,22.2,77,21.8,16,10.3,144,0.75,259,0.591,266,0.353,0.56,0.591,9,4.8,1.3,0.6,0.6,0.8,13.9,10.3,15.1,7,120.1,105.7
230,Jose Alvarado,Nor,G,25,61,21.5,19.8,14.2,80,0.813,242,0.488,247,0.336,0.496,0.525,9,2.3,3,1.1,0.2,1.3,11.3,12.1,14.4,7.4,106.6,106
231,Daniel Gafford,Was,F-C,24.5,78,20.6,15.2,17.7,187,0.679,395,0.732,0,0,0.732,0.739,9,5.6,1.1,0.4,1.3,1.1,14.6,10.1,15.7,7.4,136.9,106.1
232,Jeenathan Williams,Por,G,24.2,3,24.8,14.1,8.3,0,0,17,0.706,5,0.2,0.614,0.614,9,3.3,2.3,1,0.7,0.7,12.3,11.3,14.7,6.6,131.2,108.6
233,Terance Mann,Lac,G-F,26.5,79,23.1,15.4,13,116,0.793,318,0.597,196,0.393,0.594,0.622,8.9,3.5,2.3,0.5,0.3,1,12.4,11.2,14.7,7.2,124.1,110.5
234,AJ Griffin,Atl,F,19.6,71,19.3,17.8,7.5,44,0.909,266,0.538,254,0.394,0.563,0.58,8.8,2.1,1,0.6,0.2,0.6,10.9,9.8,11.9,5.5,115.8,114.5
235,Royce O'Neale,Bro,F,29.8,76,31.7,13.6,16.1,69,0.725,174,0.379,419,0.389,0.524,0.538,8.8,5.1,3.7,0.9,0.6,1.5,13.9,12.6,17.6,6.9,108.1,107.7
236,Cedi Osman,Cle,F,28,76,20.2,18.2,8.7,105,0.695,215,0.567,311,0.373,0.563,0.581,8.8,2.3,1.5,0.4,0.1,0.7,11,10.2,12.5,6.2,115.9,107.3
237,Taurean Prince,Min,F,29,52,21.8,17.2,16.2,70,0.843,173,0.561,183,0.377,0.563,0.595,8.8,2.4,1.6,0.5,0.3,1.3,11.3,10.4,12.8,5.9,107.1,108.6
238,Terrence Ross,Pho,G-F,32.2,20,17.8,19.5,3.8,12,0.833,58,0.569,93,0.355,0.546,0.56,8.8,3.3,1.9,0.5,0.1,0.3,12,10.6,13.9,8.6,122,104.7
239,Dennis Smith Jr.,Cha,G,25.4,54,25.7,17.6,15.3,106,0.736,341,0.475,111,0.216,0.438,0.475,8.8,3.1,4.8,1.4,0.5,1.5,11.9,13.6,16.7,7.9,103.2,109.7
240,T.J. McConnell,Ind,G,31,75,20.4,19.1,21.6,68,0.853,462,0.556,59,0.441,0.568,0.59,8.7,3.1,5.3,1.1,0.1,1.9,11.8,14,17.1,10.3,115.8,114.1
241,Mark Williams,Cha,C,21.3,42,19,16.8,13.6,91,0.692,241,0.627,0,0,0.627,0.649,8.7,7,0.4,0.6,1,0.9,15.7,9.1,16.1,6.1,125,103.7
242,Steven Adams,Mem,C,29.7,42,27,14.6,23.1,129,0.364,262,0.599,1,0,0.597,0.564,8.6,11.5,2.3,0.9,1.1,1.9,20.1,10.9,22.5,9,118.2,103.2
243,Ayo Dosunmu,Chi,G,23.2,79,26.2,14.8,15,81,0.815,375,0.584,185,0.314,0.546,0.569,8.6,2.7,2.6,0.8,0.3,1.3,11.3,11.2,13.9,6,110.1,108.3
244,Kevin Love,Cle,F-C,34.6,41,20,19.6,14.1,63,0.889,90,0.467,195,0.354,0.511,0.555,8.5,6.8,1.9,0.2,0.2,1.1,15.3,10.3,17.1,9.6,112,102.2
245,Landry Shamet,Pho,G,26.1,39,20.2,18.9,11,50,0.88,97,0.371,194,0.371,0.495,0.53,8.5,1.6,2.2,0.7,0.1,0.9,10.2,10.7,12.4,6.1,109.5,111.1
246,Gabe York,Ind,G,20,2,21.8,14.4,0,2,1,1,0,13,0.385,0.536,0.571,8.5,3,2,0.5,0,0,11.5,10.5,13.5,6.8,128.4,117.9
247,Draymond Green,Gol,F,33.1,72,31.7,13.2,30.1,108,0.713,338,0.612,129,0.302,0.569,0.591,8.4,7.3,6.9,1,0.8,2.8,15.7,15.3,22.6,9.5,113.9,106.3
248,Jaden Hardy,Dal,G,20.8,47,14.5,26,12.9,77,0.818,161,0.453,149,0.416,0.535,0.574,8.4,1.8,1.3,0.4,0.1,1,10.2,9.7,11.5,7.4,107.5,110.3
249,Cam Reddish,Nyk,F-G,23.6,20,21.9,16.2,9.9,33,0.879,80,0.55,56,0.304,0.511,0.558,8.4,1.6,1,0.8,0.4,0.8,10,9.4,11,4.3,113,111.6
250,Gary Harris,Orl,G,28.6,48,24.7,12.6,8.3,30,0.9,89,0.494,218,0.431,0.603,0.62,8.3,2,1.2,0.9,0.3,0.6,10.3,9.5,11.5,4.4,122,110.2
251,Jarred Vanderbilt,Uta,F,24,52,24.1,14.2,17.9,102,0.657,254,0.606,57,0.333,0.587,0.607,8.3,7.8,2.7,1,0.3,1.3,16.2,11,18.9,9.3,124.6,105.3
252,Damion Lee,Pho,G-F,30.5,73,20.2,16.4,14.6,102,0.902,201,0.433,244,0.451,0.566,0.608,8.2,3,1.3,0.4,0.1,1,11.2,9.5,12.5,6.3,114.8,110
253,Shake Milton,Phi,G-F,26.5,75,20.4,18.5,15.8,114,0.851,345,0.519,145,0.372,0.531,0.571,8.2,2.5,3.1,0.3,0.2,1.2,10.7,11.3,13.8,7.8,114.6,110.5
254,Georges Niang,Phi,F,29.8,78,19.4,17,9.7,45,0.867,118,0.576,384,0.401,0.596,0.61,8.2,2.4,1,0.4,0.2,0.7,10.5,9.2,11.5,5.6,114.1,107.9
255,Grant Williams,Bos,F,24.4,78,26.1,13.1,14.7,122,0.77,183,0.546,291,0.395,0.575,0.605,8.2,4.6,1.7,0.5,0.4,1.1,12.8,9.9,14.5,6.1,118.5,105.2
256,Jevon Carter,Mil,G,27.6,80,22.4,15.3,12,38,0.816,227,0.427,332,0.422,0.549,0.56,8.1,2.5,2.4,0.8,0.4,1,10.6,10.5,13,6.5,113.6,106.6
257,Aleksej Pokusevski,Okc,C,21.3,34,20.6,18.3,14.7,35,0.629,145,0.483,104,0.365,0.51,0.522,8.1,4.7,1.9,0.6,1.3,1.3,12.8,10,14.7,8.1,105.7,108.9
258,Nick Richards,Cha,C,25.4,64,18.7,15.6,15.3,178,0.742,308,0.627,1,1,0.629,0.673,8.1,6.4,0.6,0.2,1.1,0.9,14.5,8.7,15.1,6.7,131.3,104.6
259,Terrence Ross,Orl,G-F,32.2,42,22.5,15.7,11,20,0.75,139,0.489,160,0.381,0.533,0.543,8,2,1.3,0.6,0.2,0.9,10,9.2,11.3,4.9,104.3,113
260,Kemba Walker,Dal,G,32.9,9,16,22.1,6.5,21,0.81,29,0.586,28,0.25,0.482,0.543,8,1.8,2.1,0.2,0.2,0.4,9.8,10.1,11.9,7.8,118.3,113.3
261,Robert Williams III,Bos,C-F,25.5,35,23.5,11.8,16.6,41,0.61,169,0.751,1,0,0.747,0.742,8,8.3,1.4,0.6,1.4,1,16.3,9.4,17.7,7.7,145.6,103.5
262,Kenrich Williams,Okc,G-F,28.3,53,22.8,13.7,8.5,39,0.436,212,0.608,134,0.373,0.59,0.585,8,4.9,2,0.8,0.3,0.6,12.9,10,14.9,7.5,126.5,108.3
263,Chris Duarte,Ind,G,25.8,46,19.5,19,11,72,0.847,159,0.428,174,0.316,0.452,0.496,7.9,2.5,1.4,0.5,0.2,0.9,10.4,9.3,11.8,6.2,100.8,115.7
264,Jeff Green,Den,F,36.6,55,19.6,17,12.2,115,0.748,222,0.581,103,0.291,0.535,0.578,7.9,2.6,1.2,0.3,0.3,0.8,10.5,9.1,11.7,5.9,114.6,110.1
265,Duane Washington Jr.,Pho,G,23,31,12.7,32.5,11.7,24,0.667,145,0.372,111,0.36,0.445,0.458,7.9,1.2,2,0.2,0.1,1.1,9,9.9,11.1,8.4,93.4,113.6
266,Luke Kennard,Lac,G,26.8,35,20.7,15.1,12.4,20,0.95,79,0.494,132,0.447,0.604,0.623,7.8,2.4,1.1,0.5,0.1,0.9,10.2,8.9,11.3,5.3,113.9,111.9
267,Josh Richardson,Nor,G,29.6,22,22.9,14.8,12.8,21,0.762,59,0.475,84,0.393,0.542,0.562,7.8,2.3,1.6,1.3,0.4,1,10.1,9.4,11.7,5.3,109.2,106.7
268,Shaquille Harrison,Por,G,29.5,4,23.4,16.6,16.5,13,0.692,18,0.444,7,0.286,0.44,0.505,7.8,4,5,1.8,0.3,1.3,11.8,12.8,16.8,9.2,113.3,106.6
269,Will Barton,Was,G,32.3,40,19.6,19.4,13.7,45,0.778,147,0.395,137,0.38,0.479,0.505,7.7,2.8,2.4,0.4,0.3,1.1,10.4,10.1,12.8,7.6,101.7,114.6
270,R.J. Hampton,Det,G,22.2,20,19.3,17.8,14.6,39,0.667,60,0.483,63,0.365,0.516,0.546,7.7,2.4,1,0.6,0.3,1.1,10.1,8.7,11.1,5.5,103.6,115
271,Kevin Love,Mia,F-C,34.6,20,20.5,18.4,14.6,28,0.857,37,0.622,97,0.289,0.485,0.526,7.7,5.7,2,0.5,0.3,1.2,13.4,9.7,15.4,8.7,106.6,105.5
272,Trey Lyles,Sac,F,27.4,73,16.8,18.2,13.3,124,0.815,167,0.593,237,0.367,0.568,0.611,7.7,4.1,0.9,0.4,0.4,0.8,11.8,8.6,12.7,7.3,118.2,110.2
273,Ochai Agbaji,Uta,G,23,57,20.1,15,9.1,64,0.797,134,0.545,214,0.364,0.546,0.573,7.6,2,1,0.2,0.3,0.6,9.6,8.5,10.6,4.9,117,114.3
274,Pat Connaughton,Mil,G,30.3,61,23.7,13.8,7.3,41,0.659,99,0.566,322,0.339,0.521,0.531,7.6,4.6,1.3,0.6,0.2,0.5,12.3,8.9,13.5,6,112.5,109.5
275,Joe Harris,Bro,G-F,31.6,74,20.6,14.3,8.5,28,0.643,107,0.551,333,0.426,0.618,0.621,7.6,2.2,1.4,0.5,0.2,0.6,9.8,9,11.2,5.6,118.9,110.3
276,Torrey Craig,Pho,F,32.3,78,24.9,13,12.8,45,0.711,246,0.52,253,0.391,0.554,0.564,7.5,5.4,1.5,0.6,0.8,0.9,12.9,9,14.4,6.3,116.1,107.3
277,Tre Mann,Okc,G,22.2,66,17.2,20.7,10.5,50,0.74,232,0.466,253,0.316,0.47,0.486,7.5,2.2,1.6,0.6,0.2,0.9,9.6,9.1,11.3,6.9,100,110.4
278,Justin Minaya,Por,F,24,2,22.5,15.5,12.5,0,0,6,0.5,8,0.375,0.536,0.536,7.5,3.5,1.5,0.5,1.5,1,11,9,12.5,6,109.6,111.1
279,Reggie Jackson,Den,G,33,14,19.4,20.4,13.9,12,0.833,51,0.451,54,0.296,0.448,0.472,7.4,1.5,3.1,0.6,0.1,1.2,8.9,10.5,12,6.7,99.8,111.7
280,Kendrick Nunn,Was,G,27.7,30,13.8,24.1,14,18,0.889,97,0.505,93,0.387,0.542,0.561,7.4,1.6,1.8,0.5,0.1,1,9,9.2,10.8,8,106.8,112.2
281,Dario Saric,Okc,F,29,20,13.7,20.2,16.1,32,0.844,53,0.623,46,0.391,0.606,0.65,7.4,3.3,0.9,0.4,0.1,1,10.6,8.2,11.5,8.2,119.4,105.4
282,Matisse Thybulle,Por,G-F,26.1,22,27.7,11.4,10.4,16,0.625,52,0.519,85,0.388,0.558,0.566,7.4,3.5,1.4,1.7,0.8,0.7,10.9,8.8,12.3,4.8,114.5,112.3
283,Delon Wright,Was,G,30.9,50,24.4,12.9,13.1,60,0.867,172,0.564,120,0.342,0.543,0.579,7.4,3.6,3.9,1.8,0.3,0.9,11,11.3,14.9,7.7,127.3,112.3
284,Luka Samanic,Uta,F,23.2,5,20.1,15.6,14.6,8,0.75,12,0.667,17,0.294,0.534,0.569,7.4,4,2.2,0.6,0.4,1,11.4,9.6,13.6,8,112.4,104.4
285,Mo Bamba,Orl,C,24.9,40,17,16.3,9.3,51,0.686,106,0.594,108,0.398,0.596,0.613,7.3,4.6,1.1,0.3,1,0.6,11.9,8.3,12.9,7.8,125.3,102.6
286,Josh Okogie,Pho,G,24.6,71,18.6,17.6,13.4,188,0.723,209,0.45,192,0.333,0.474,0.533,7.3,3.4,1.4,0.8,0.5,0.9,10.7,8.7,12.1,7,114.1,108.3
287,Mitchell Robinson,Nyk,C-F,25,58,26.9,9.9,12.3,118,0.492,270,0.681,0,0,0.681,0.662,7.3,9.2,0.9,0.9,1.8,0.7,16.6,8.2,17.4,5.8,144.2,104.7
288,Jay Huff,Was,C,25.6,7,13.6,17,16.4,16,0.938,13,0.692,12,0.5,0.72,0.796,7.3,3,1.4,0.4,0.6,0.7,10.3,8.7,11.7,9.2,149.7,101.2
289,Reggie Bullock,Dal,G-F,32.1,78,30.3,10,7.3,37,0.703,73,0.562,397,0.38,0.569,0.577,7.2,3.6,1.4,0.7,0.2,0.5,10.8,8.6,12.2,4.4,116.1,113.1
290,Dorian Finney-Smith,Bro,F,29.9,26,27.7,13.9,12,19,0.789,70,0.429,121,0.306,0.448,0.466,7.2,4.9,1.6,0.7,0.6,1,12.1,8.7,13.7,5.5,102.5,109.9
291,Isaiah Jackson,Ind,F,21.2,62,16.4,17.5,13.6,140,0.65,298,0.591,14,0.143,0.574,0.601,7.2,4.4,0.8,0.5,1.5,0.8,11.6,8,12.4,7.2,121.1,105.4
292,Mason Plumlee,Lac,F-C,33.1,21,19.8,13.8,27.7,52,0.769,78,0.718,0,0,0.718,0.753,7.2,7.2,1.7,0.5,0.5,1.4,14.4,8.9,16.1,9,132.7,101.5
293,Troy Brown Jr.,Lal,G-F,23.7,75,24.6,12.1,9.6,37,0.892,182,0.505,278,0.381,0.546,0.562,7.1,4.1,1.3,0.8,0.2,0.7,11.2,8.4,12.4,5.5,113.7,109.8
294,Willy Hernangomez,Nor,C-F,28.9,37,12.4,23.8,18.7,104,0.779,158,0.544,11,0.273,0.536,0.61,7.1,4.9,0.9,0.5,0.4,1.1,11.9,8,12.8,10.2,119.1,97.1
295,Kevin Knox II,Por,F,23.7,19,15.2,21.9,11.6,17,0.706,69,0.565,53,0.283,0.504,0.521,7.1,3.1,0.8,0.4,0,0.8,10.2,7.9,10.9,6.8,101.5,114.9
296,Kevon Looney,Gol,F,27.2,81,23.9,10.7,10.6,155,0.606,379,0.633,1,0,0.632,0.64,7.1,9.3,2.5,0.6,0.6,0.6,16.4,9.6,18.9,9.2,148.5,103.4
297,Edmond Sumner,Bro,G,27.3,53,13.9,22.1,15.7,108,0.917,182,0.511,87,0.356,0.519,0.597,7.1,1.5,1.3,0.6,0.2,0.9,8.6,8.4,9.9,6.9,112.3,106.9
298,Trendon Watford,Por,F,22.4,60,18.9,15.7,18.5,94,0.723,240,0.604,60,0.367,0.593,0.621,7.1,3.9,2.1,0.5,0.2,1.1,10.9,9.1,13,8.2,117.7,109.9
299,Joe Ingles,Mil,F-G,35.5,45,22.8,12.6,18,21,0.857,44,0.545,201,0.413,0.606,0.619,7,2.8,3.2,0.7,0.1,1.2,9.8,10.2,13,7,119.8,107.9
300,Romeo Langford,San,G-F,23.5,41,19.8,15.4,10.3,49,0.673,193,0.534,59,0.271,0.504,0.525,7,2.8,1.2,0.6,0.3,0.7,9.8,8.2,11,5.8,110.3,116.7
301,Joshua Primo,San,G,20.3,4,23.4,18.2,29.5,9,0.778,14,0.429,12,0.25,0.404,0.467,7,3.3,4.5,0.3,0.5,2.8,10.3,11.5,14.8,8,90.3,116.1
302,Daniel Theis,Ind,F-C,31,7,15.5,20.2,6.4,12,0.417,33,0.576,11,0.182,0.5,0.497,7,3.1,1.3,0.3,0.9,0.4,10.1,8.3,11.4,7.9,108.1,116
303,Xavier Tillman,Mem,F,24.2,61,19.3,13.7,12.6,89,0.551,291,0.632,15,0.267,0.621,0.621,7,5,1.6,1,0.5,0.7,12.1,8.6,13.6,7.9,129.1,105.1
304,Obi Toppin,Nyk,F,25.1,66,15.4,19.2,8.5,44,0.795,159,0.591,237,0.338,0.54,0.557,7,2.7,0.9,0.3,0.2,0.6,9.7,7.9,10.7,6.7,113.9,110.6
305,Jarred Vanderbilt,Lal,F,24,25,24.2,12.3,17.4,35,0.771,101,0.584,32,0.313,0.556,0.59,7,6.8,1.6,1.2,0.2,1.1,13.8,8.6,15.4,7,118.6,104.3
306,Ty Jerome,Gol,G-F,25.8,45,18.1,14.9,11,41,0.927,152,0.546,90,0.389,0.56,0.594,6.9,1.7,3,0.5,0.1,0.7,8.6,9.9,11.6,7.2,126,112.3
307,Cory Joseph,Det,G,31.6,61,19.5,15.3,13.7,71,0.803,168,0.47,173,0.399,0.535,0.567,6.9,1.7,3.4,0.6,0.1,0.9,8.6,10.3,12,7,119.8,116.5
308,Larry Nance Jr.,Nor,F-C,30.3,64,21.3,12,12.2,79,0.696,261,0.655,42,0.333,0.634,0.65,6.9,5.5,1.8,0.9,0.6,0.7,12.4,8.7,14.2,7.7,134.5,103.9
309,Ben Simmons,Bro,G-F,26.7,42,26.3,14.3,29.2,57,0.439,233,0.571,2,0,0.566,0.559,6.9,6.3,6.1,1.3,0.5,2.3,13.2,13,19.3,9.8,111.1,101.3
310,Aaron Wiggins,Okc,G-F,24.3,69,18.7,14.4,13.1,71,0.831,238,0.567,121,0.397,0.577,0.606,6.9,3,1.2,0.6,0.2,0.8,9.9,8,11,6.2,119.3,110.3
311,James Wiseman,Gol,C,22,21,12.5,20,12.9,38,0.684,92,0.63,2,0.5,0.633,0.655,6.9,3.5,0.7,0.1,0.3,0.7,10.4,7.6,11,8.2,123.5,101.8
312,Brandon Boston Jr.,Lac,G,21.4,21,11.7,26.5,9,38,0.763,92,0.424,29,0.414,0.471,0.519,6.8,1.4,0.9,0.4,0,0.6,8.2,7.7,9.1,7,105.9,109.5
313,Terence Davis,Sac,G,25.9,63,13.1,22.2,13,41,0.829,120,0.533,235,0.374,0.552,0.571,6.8,2.2,1.1,0.7,0.2,0.8,9,7.8,10,7.8,106.9,104.4
314,Justise Winslow,Por,F-G,27,29,26.8,14.2,17.8,28,0.714,153,0.438,45,0.311,0.444,0.466,6.8,5,3.4,1,0.4,1.5,11.8,10.1,15.1,7.3,104.5,108.9
315,Anthony Lamb,Gol,F,25.2,61,19.4,13.9,14.7,60,0.767,113,0.646,199,0.367,0.585,0.607,6.7,3.5,1.5,0.5,0.3,0.9,10.2,8.3,11.7,6.8,118.4,107.5
316,Isaiah Livers,Det,F,24.7,52,23.1,11.9,9.4,39,0.821,85,0.541,203,0.365,0.545,0.567,6.7,2.8,0.8,0.5,0.5,0.6,9.4,7.4,10.2,4.3,112.8,114.6
317,Kendrick Nunn,Lal,G,27.7,39,13.5,23.4,11,21,0.81,125,0.488,126,0.325,0.488,0.503,6.7,1.4,0.9,0.3,0.1,0.8,8.1,7.6,9,6,95.5,111.3
318,Dwight Powell,Dal,F-C,31.7,76,19.2,12.7,19.4,168,0.667,264,0.746,5,0,0.732,0.738,6.7,4.1,0.9,0.6,0.3,0.9,10.8,7.6,11.7,6.1,142.5,104.1
319,Jeremiah Robinson-Earl,Okc,F,22.4,42,18.4,14.6,7.5,40,0.825,130,0.554,105,0.333,0.53,0.558,6.7,4.1,1,0.6,0.3,0.5,10.8,7.7,11.8,6.6,122.9,109.7
320,Drew Eubanks,Por,F-C,26.2,78,20.3,12.5,16.7,125,0.664,316,0.655,18,0.389,0.651,0.666,6.6,5.4,1.3,0.5,1.3,0.9,12,8,13.3,7.1,130.9,108.9
321,Luka Garza,Min,C,24.3,27,8.8,26.7,11.2,52,0.788,73,0.644,38,0.368,0.613,0.661,6.6,2.2,0.7,0.1,0.1,0.5,8.8,7.2,9.4,9.8,131.7,100.6
322,Nassir Little,Por,F-G,23.2,54,18.1,16,10.6,46,0.717,145,0.524,158,0.367,0.538,0.555,6.6,2.6,0.9,0.4,0.4,0.7,9.3,7.6,10.2,5.5,109,115.4
323,Jalen McDaniels,Phi,F-C,25.2,23,17.4,16.1,10,34,0.824,86,0.512,30,0.4,0.534,0.58,6.6,3.2,0.7,0.7,0.2,0.6,9.8,7.3,10.5,5.6,116.8,102.8
324,David Roddy,Mem,F,22,69,17.6,16.5,12.1,65,0.631,197,0.563,204,0.309,0.512,0.526,6.6,2.7,0.8,0.4,0.3,0.8,9.3,7.3,10.1,5.5,103.9,107.3
325,Cody Zeller,Mia,F-C,30.5,14,14.6,18.4,19.6,31,0.71,55,0.636,2,0,0.614,0.651,6.6,4.3,0.6,0.2,0.3,1,10.9,7.1,11.4,7,122.2,99.3
326,Jae Crowder,Mil,F,32.8,17,18.5,12.6,7.8,12,0.833,33,0.576,49,0.429,0.616,0.636,6.5,3.8,1.2,0.6,0.4,0.4,10.4,7.8,11.6,6.7,133.2,105.7
327,Goran Dragic,Chi,G,36.9,50,15.6,21,15.6,41,0.659,170,0.482,128,0.352,0.502,0.516,6.5,1.4,2.8,0.2,0.1,1.1,7.9,9.3,10.7,7.5,103.9,110.5
328,JaMychal Green,Gol,F-C,32.8,56,14,17.7,17.2,67,0.776,140,0.664,110,0.382,0.624,0.651,6.5,3.6,0.9,0.4,0.4,0.9,10.1,7.4,11,7.9,121.3,103.6
329,Jock Landale,Pho,C,27.5,68,14.1,19.1,15.2,105,0.752,241,0.627,83,0.241,0.559,0.596,6.5,4,1,0.2,0.4,0.9,10.5,7.5,11.5,8.4,119.6,103
330,Jay Scrubb,Orl,G,22.6,2,15.1,15.5,29.4,2,0.5,5,0.6,2,1,0.857,0.825,6.5,3,0.5,1,0.5,1.5,9.5,7,10,5.7,107.7,106.2
331,Patrick Beverley,Lal,G,34.7,45,26.9,10.6,14.8,50,0.78,83,0.506,158,0.348,0.517,0.548,6.4,3.1,2.6,0.9,0.6,0.9,9.5,9,12.1,5.5,112.6,106.8
332,Theo Maledon,Cha,G,21.8,43,18.9,17,18.8,70,0.843,148,0.453,93,0.301,0.452,0.51,6.4,2.7,3.4,0.8,0.3,1.3,9.1,9.8,12.5,8.2,104.9,111.4
333,Isaac Okoro,Cle,F-G,22.2,76,21.7,12,10.6,103,0.757,183,0.617,171,0.363,0.582,0.614,6.4,2.5,1.1,0.7,0.4,0.6,8.9,7.6,10.1,4.8,123.7,105
334,Nickeil Alexander-Walker,Uta,G,24.6,36,14.7,18.4,20.9,39,0.692,83,0.578,87,0.402,0.591,0.609,6.3,1.6,2.1,0.7,0.4,1.3,8,8.4,10.1,7.5,111.3,108.6
335,Evan Fournier,Nyk,G-F,30.4,26,17.2,18.5,11.5,21,0.857,51,0.412,111,0.315,0.454,0.482,6.3,1.8,1.4,0.6,0.1,0.8,8.2,7.7,9.6,5.8,100.4,107.2
336,Jordan Goodwin,Was,G,24.5,61,17.6,17,13.5,65,0.769,229,0.502,110,0.318,0.494,0.524,6.3,3.3,2.7,0.9,0.4,0.9,9.6,9,12.3,8.7,113.8,108.7
337,Nicolas Batum,Lac,G-F,34.3,76,21.9,11.7,11.8,48,0.708,64,0.563,310,0.39,0.582,0.593,6.2,3.8,1.5,0.7,0.6,0.7,10,7.7,11.5,6,120.2,108.1
338,Sam Hauser,Bos,F,25.3,79,15.8,14.5,7.1,17,0.706,59,0.661,321,0.411,0.624,0.627,6.2,2.5,0.8,0.4,0.3,0.4,8.7,7,9.5,5.9,122.6,107
339,Mike Muscala,Okc,F-C,31.8,43,14.5,15.7,6.4,39,0.795,61,0.541,142,0.394,0.576,0.602,6.2,3.1,0.9,0.3,0.4,0.3,9.3,7,10.2,7.1,125,105.7
340,Robert Covington,Lac,F,32.3,46,16.3,15.9,11.7,40,0.75,91,0.516,134,0.388,0.556,0.577,6.1,3.4,1.2,0.8,0.7,0.7,9.5,7.3,10.7,7.2,115.5,103.3
341,Patrick Beverley,Chi,G,34.7,21,27.7,10.7,13.4,15,0.533,37,0.568,79,0.316,0.504,0.51,6,5,3.4,1,0.7,0.9,11,9.4,14.4,6.7,114.3,104.7
342,Oshae Brissett,Ind,F-G,24.8,64,16.5,15.7,9.2,138,0.725,152,0.467,152,0.316,0.47,0.529,6,3.3,0.6,0.5,0.2,0.5,9.3,6.7,9.9,5.5,112.4,114.5
343,Patty Mills,Bro,G,34.7,39,13.6,19.6,11.6,23,0.913,73,0.493,125,0.376,0.538,0.562,6,1.1,1.4,0.4,0.1,0.7,7.1,7.4,8.5,6.2,109.1,115.2
344,Jordan Nwora,Mil,F,24.6,38,15.7,17.6,14.7,43,0.86,95,0.379,102,0.392,0.487,0.53,6,3.1,1,0.3,0.2,0.9,9.1,7,10.1,6.8,105.9,109.3
345,Duncan Robinson,Mia,F,29,41,16,17.7,10.8,26,0.923,42,0.524,181,0.331,0.502,0.529,6,1.6,1,0.3,0,0.7,7.7,7.1,8.7,5.3,103.6,105.8
346,Gary Payton II,Gol,G,30.3,6,15.3,13.4,14.1,3,0.667,15,0.733,9,0.444,0.708,0.711,6,3.7,0.7,0.3,0.7,0.7,9.7,6.7,10.3,6.5,136.3,107.4
347,Goga Bitadze,Orl,C-F,23.7,16,14.6,15.8,11.5,18,0.667,57,0.667,12,0.167,0.594,0.611,5.9,5,1.3,0.4,1,0.6,10.9,7.1,12.1,9.2,131.3,102.8
348,Andre Drummond,Chi,C,29.7,66,12.7,20.8,21.7,121,0.537,264,0.617,3,0,0.61,0.61,5.9,6.6,0.5,0.7,0.4,1.1,12.5,6.4,13,8.5,115.3,93.5
349,Simone Fontecchio,Uta,F,27.3,50,14.2,19.6,11.4,44,0.795,107,0.421,172,0.326,0.462,0.491,5.9,1.4,0.7,0.3,0.2,0.7,7.3,6.6,8,5.1,100,114.7
350,Stanley Johnson,San,F-G,26.9,30,15.6,15.3,21.1,39,0.667,83,0.578,40,0.45,0.61,0.628,5.9,3.2,2.2,0.5,0.2,1.1,9,8.1,11.3,8.9,117.4,111.9
351,Maxi Kleber,Dal,F,31.2,37,25.1,10.4,13.8,38,0.711,57,0.667,112,0.348,0.571,0.592,5.9,3.6,1.4,0.3,0.8,0.7,9.6,7.4,11,4.9,118.4,111.1
352,Jaylin Williams,Okc,F,20.8,49,18.7,13.4,13.7,54,0.704,121,0.463,112,0.411,0.536,0.561,5.9,4.9,1.6,0.6,0.2,0.8,10.8,7.4,12.4,7.7,115.4,102.9
353,Dario Saric,Pho,F,29,37,14.4,18.7,16.8,44,0.818,109,0.45,69,0.391,0.503,0.545,5.8,3.8,1.5,0.4,0.1,1,9.6,7.4,11.2,8.9,110.5,101.7
354,Charles Bassey,San,C-F,22.4,35,14.5,15.7,23.3,37,0.595,127,0.661,8,0.375,0.656,0.658,5.7,5.5,1.3,0.5,0.9,1.2,11.2,7,12.5,9.5,120.8,105.2
355,Josh Christopher,Hou,G,21.3,63,12,22,14.9,58,0.759,231,0.545,88,0.239,0.494,0.521,5.7,1.1,1.1,0.5,0.2,0.9,6.8,6.8,7.9,6.3,102.1,115.8
356,Dewayne Dedmon,Mia,C,33.7,30,11.7,21.3,12.8,44,0.727,92,0.576,37,0.297,0.539,0.576,5.7,3.6,0.5,0.2,0.5,0.6,9.3,6.2,9.9,7.4,113.5,94.9
357,R.J. Hampton,Orl,G,22.2,26,13.9,18,15.5,37,0.838,61,0.525,53,0.34,0.518,0.572,5.7,1.5,1.3,0.6,0.2,0.8,7.2,7,8.5,6.4,111.4,111.3
358,Rodney McGruder,Det,G,31.7,32,16.4,14,6.7,22,0.818,55,0.382,97,0.423,0.543,0.566,5.7,2.3,0.9,0.5,0,0.3,8,6.6,8.9,5.6,119.3,115.2
359,Alex Caruso,Chi,G,29.1,66,23.6,11.1,21.4,73,0.808,134,0.552,149,0.369,0.553,0.59,5.6,3,2.9,1.5,0.7,1.2,8.6,8.5,11.5,6.2,115.2,104.2
360,Johnny Davis,Was,G,21.1,27,14.2,20,9,23,0.522,96,0.5,55,0.255,0.457,0.465,5.6,2.1,0.7,0.3,0.3,0.6,7.7,6.3,8.4,5.7,93.3,107.4
361,Danny Green,Cle,G,35.8,7,10.1,19.3,13.1,1,1,7,0.571,19,0.526,0.731,0.738,5.6,0.9,0.4,0.7,0.3,0.6,6.4,6,6.9,5,123.3,105.8
362,Jalen Johnson,Atl,F,21.3,68,15,15.9,11.6,76,0.632,212,0.585,100,0.28,0.532,0.55,5.6,4.1,1.2,0.5,0.5,0.6,9.7,6.8,10.9,8.1,113.4,105.4
363,Kevin Knox II,Det,F,23.7,42,14.1,16.2,15.1,33,0.788,63,0.651,116,0.371,0.589,0.612,5.6,2.6,0.4,0.3,0.3,0.8,8.2,6,8.6,5.1,109.6,108.8
364,Davion Mitchell,Sac,G,24.6,80,18.1,14.1,13.4,31,0.806,202,0.584,197,0.32,0.533,0.545,5.6,1.3,2.3,0.6,0.2,0.8,6.9,7.9,9.3,5.7,111.3,112.9
365,Derrick Rose,Nyk,G,34.5,27,12.5,23.7,12.1,12,0.917,96,0.438,63,0.302,0.443,0.463,5.6,1.5,1.7,0.3,0.2,0.8,7.1,7.3,8.8,7.8,99.4,113.5
366,Nickeil Alexander-Walker,Min,G,24.6,21,15.4,17.2,6.6,21,0.619,50,0.4,63,0.333,0.456,0.474,5.5,2,1.3,0.3,0.3,0.4,7.5,6.8,8.8,6.3,102.5,111.1
367,Wenyen Gabriel,Lal,F,26,67,15.1,14.2,14.9,84,0.619,221,0.647,36,0.278,0.615,0.626,5.5,4.2,0.5,0.4,0.5,0.7,9.7,6,10.2,6,124.8,101.3
368,Nikola Jovic,Mia,F,19.8,15,13.6,19,12.6,19,0.947,34,0.588,35,0.229,0.464,0.53,5.5,2.1,0.7,0.5,0.1,0.7,7.5,6.1,8.2,5.9,106,106.5
369,Saben Lee,Pho,G,23.8,22,14.5,18.4,17.2,49,0.735,75,0.4,21,0.381,0.438,0.51,5.5,1.9,2.5,0.7,0,0.9,7.4,8,9.9,8.2,110.7,107.9
370,Otto Porter Jr.,Tor,F,29.8,8,18.3,10.9,11.6,8,1,13,0.692,17,0.353,0.6,0.656,5.5,2.4,1,1.4,0,0.5,7.9,6.5,8.9,5.2,132.3,111.7
371,Yuta Watanabe,Bro,G-F,28.5,57,15.7,13.1,8.2,45,0.733,95,0.558,129,0.45,0.625,0.642,5.5,2.4,0.8,0.4,0.3,0.4,7.8,6.3,8.7,5.6,126.9,109.5
372,Lindell Wigginton,Mil,G,25,6,9.9,26.5,19.2,3,1,15,0.6,14,0.286,0.517,0.544,5.5,1,2.2,0,0.2,1.2,6.5,7.7,8.7,9.3,104,108.8
373,Jarrell Brantley,Uta,F,26.8,4,9.8,18.1,12.2,2,1,5,0.8,9,0.444,0.714,0.739,5.5,1.5,0.8,0,0.5,0.5,7,6.3,7.8,7.7,134.1,113.8
374,Darius Bazley,Okc,F-G,22.8,36,15.4,15.7,12.2,65,0.554,113,0.469,45,0.4,0.506,0.525,5.4,3.4,0.9,0.5,0.8,0.6,8.8,6.3,9.7,6.6,108.5,110.6
375,James Bouknight,Cha,G,22.6,33,14.8,19.3,14.6,27,0.667,80,0.425,101,0.307,0.445,0.464,5.4,2.1,1.2,0.4,0.2,0.9,7.5,6.7,8.8,6.5,90.4,109.8
376,Montrezl Harrell,Phi,F-C,29.2,56,11.8,18.6,14.6,94,0.691,195,0.615,4,0,0.603,0.634,5.4,2.7,0.6,0.3,0.4,0.6,8.2,6,8.7,7,125.4,104.9
377,Devonte' Graham,Nor,G,28.1,53,15.3,15,10.5,59,0.746,41,0.463,190,0.347,0.511,0.545,5.3,1.4,2.2,0.6,0.2,0.5,6.6,7.5,8.8,6.6,118.4,111.2
378,Lamar Stevens,Cle,F,25.7,61,18.1,13.7,8.6,57,0.702,190,0.516,95,0.316,0.502,0.526,5.3,3.3,0.5,0.4,0.3,0.4,8.7,5.9,9.2,4.6,109.5,106.7
379,Rudy Gay,Uta,F-G,36.6,56,14.6,17.7,11.4,49,0.857,157,0.484,130,0.254,0.437,0.475,5.2,2.9,1,0.3,0.3,0.7,8.1,6.3,9.2,6.8,101,110.9
380,Javonte Green,Chi,G-F,29.7,32,15,13.6,15.6,45,0.667,73,0.658,35,0.371,0.625,0.646,5.2,2.8,0.7,0.8,0.7,0.6,7.9,5.9,8.6,5.8,123.1,103.4
381,Ricky Rubio,Cle,G,32.5,32,16.9,17.4,14.3,33,0.788,89,0.427,78,0.269,0.416,0.454,5.2,2,3.4,0.8,0.2,0.9,7.2,8.5,10.6,7.8,105.3,103.7
382,Lindy Waters III,Okc,F,25.7,40,12.9,15.4,5.5,20,0.8,16,0.75,156,0.359,0.558,0.575,5.2,1.8,0.7,0.4,0.3,0.3,7,5.9,7.7,5.8,120.2,111.1
383,Ziaire Williams,Mem,F,21.6,36,14.7,17.4,16.9,18,0.778,88,0.602,89,0.247,0.486,0.503,5.2,2.1,0.7,0.4,0.1,1,7.3,5.9,8,5.4,93.1,105
384,DeAndre Jordan,Den,C,34.7,38,14.7,13.8,28.6,46,0.435,111,0.766,1,1,0.772,0.73,5.1,5.1,0.8,0.3,0.6,1.2,10.2,5.9,11,7.5,117.4,102
385,John Konchar,Mem,G,27,71,20.5,10.4,10.2,36,0.778,140,0.55,175,0.343,0.53,0.547,5.1,4.2,1.4,1,0.3,0.5,9.3,6.5,10.7,6.1,117.5,105.7
386,Zeke Nnaji,Den,F-C,22.2,51,13.5,14.4,12.8,58,0.672,123,0.707,54,0.278,0.619,0.637,5.1,2.5,0.3,0.3,0.4,0.5,7.6,5.4,7.9,4.6,125.4,103.7
387,Payton Pritchard,Bos,G,25.2,47,12.7,19.3,12.8,15,0.733,86,0.512,138,0.341,0.511,0.52,5.1,1.6,1.1,0.3,0,0.7,6.7,6.2,7.8,6.5,103.7,110.1
388,MarJon Beauchamp,Mil,F,22.5,51,13.1,18.4,15.6,37,0.73,96,0.49,137,0.328,0.491,0.513,5,2.1,0.6,0.4,0.1,0.8,7.2,5.6,7.8,5.6,99.6,104.8
389,Jaxson Hayes,Nor,C-F,22.9,47,13,15.7,16.6,83,0.699,127,0.654,29,0.103,0.561,0.605,5,2.8,0.7,0.4,0.4,0.7,7.8,5.7,8.5,6.6,117.7,103.7
390,George Hill,Mil,G,36.9,35,19.1,11.3,16.9,46,0.739,58,0.621,74,0.311,0.534,0.575,5,1.9,2.5,0.5,0.1,0.8,6.9,7.5,9.5,6,121,110.1
391,Jonathan Isaac,Orl,F,25.5,11,11.3,21.1,7,9,0.556,38,0.421,15,0.4,0.472,0.483,5,4,0.5,1.3,0.4,0.4,9,5.5,9.5,7.6,108.4,105.2
392,Derrick Jones Jr.,Chi,F,26.1,63,14,14.3,10,84,0.738,147,0.585,77,0.351,0.565,0.604,5,2.3,0.5,0.4,0.6,0.4,7.3,5.5,7.9,5.1,123.9,106.5
393,Cody Martin,Cha,F,27.5,7,19.1,12.9,5.2,7,0.571,22,0.5,14,0.214,0.431,0.448,5,3.4,1.6,0.6,0.1,0.3,8.4,6.6,10,6.3,108.1,109.6
394,Bryce McGowens,Cha,G,20.4,45,16.8,14.5,16.9,70,0.729,115,0.426,76,0.329,0.453,0.505,5,2,1.1,0.3,0.1,0.9,7,6.1,8.1,5.3,98.9,114.9
395,Mac McClung,Phi,G,24.3,1,7.8,33.7,36.8,2,1,1,0,2,0.5,0.5,0.644,5,1,0,0,0,2,6,5,6,0,82.6,119.3
396,Vlatko Cancar,Den,F,26,58,14.8,13.7,13.8,36,0.917,107,0.589,111,0.378,0.578,0.609,4.9,2.1,1.3,0.3,0.2,0.6,7.1,6.2,8.4,6.4,119.4,108.6
397,Isaiah Hartenstein,Nyk,C-F,24.9,81,19.8,11.2,17.1,71,0.676,283,0.576,37,0.216,0.547,0.567,4.9,6.6,1.2,0.6,0.8,0.8,11.5,6.1,12.7,6.8,124.4,100.9
398,Eugene Omoruyi,Okc,F,26.1,23,11.8,18.7,14.5,28,0.607,63,0.571,31,0.258,0.511,0.531,4.9,2.3,0.5,0.6,0,0.7,7.2,5.4,7.7,6,105.3,100
399,Austin Rivers,Min,G,30.7,52,19.5,10.5,9.9,39,0.769,86,0.558,123,0.35,0.538,0.564,4.9,1.6,1.4,0.5,0.1,0.4,6.5,6.3,7.9,4.6,114.6,111.9
400,Johnny Juzang,Uta,G,22.1,16,12.6,18.9,3.4,4,0.5,29,0.517,57,0.263,0.436,0.439,4.8,2.1,0.5,0.3,0.2,0.2,6.9,5.3,7.4,5.4,96.8,113.7
401,Garrison Mathews,Hou,G,26.5,45,13.4,14.3,9.6,45,0.911,15,0.467,155,0.342,0.509,0.564,4.8,1.4,0.5,0.5,0.1,0.4,6.1,5.3,6.6,4.5,117,113.7
402,Chimezie Metu,Sac,F-C,26,65,10.4,17.5,12.9,67,0.731,178,0.663,37,0.243,0.612,0.638,4.8,3,0.6,0.3,0.3,0.5,7.8,5.4,8.5,7.9,124.2,104.3
403,Mike Muscala,Bos,F-C,31.8,19,15.2,12.9,8.4,6,0.667,18,0.667,58,0.362,0.572,0.579,4.8,3.2,0.5,0.2,0.3,0.4,7.9,5.3,8.5,5.2,114.8,105.5
404,Jamal Cain,Mia,F,24.1,17,13,14.3,6.3,19,0.789,43,0.651,16,0.188,0.551,0.594,4.7,2.8,0.6,0.5,0.1,0.2,7.5,5.4,8.1,6.1,128.4,105.4
405,Danuel House Jr.,Phi,F-G,29.8,55,14.2,13.5,11.8,57,0.737,79,0.671,107,0.346,0.583,0.614,4.7,1.6,0.7,0.3,0.2,0.5,6.3,5.5,7.1,4.9,116.9,109.2
406,Keon Johnson,Por,G,21.1,40,10.4,25,19.4,41,0.659,97,0.402,81,0.346,0.455,0.482,4.7,1.1,1.5,0.5,0.2,1.1,5.8,6.2,7.3,7.6,93.5,111
407,Day'Ron Sharpe,Bro,F,21.4,47,11.2,19.4,20.3,54,0.63,154,0.552,11,0.545,0.57,0.588,4.7,4,0.7,0.3,0.6,0.9,8.8,5.4,9.5,8.4,119.8,99
408,Moses Brown,Lac,C,23.5,34,8.5,21.5,12.7,72,0.458,96,0.635,0,0,0.635,0.607,4.6,4.1,0.1,0.1,0.4,0.4,8.6,4.7,8.8,5.8,126,100.4
409,Quenton Jackson,Was,G,24.6,8,12.8,17.8,12,20,0.8,19,0.474,10,0.1,0.362,0.489,4.6,0.8,1.3,0.3,0.1,0.5,5.4,5.9,6.6,5.3,106.7,115.2
410,Kira Lewis Jr.,Nor,G,22,25,9.4,19.7,10.2,22,0.864,54,0.463,34,0.441,0.54,0.584,4.6,1.3,0.9,0.4,0.1,0.4,5.9,5.5,6.8,7.5,117.6,104.9
411,Dean Wade,Cle,F-C,26.4,43,20.2,10.2,8.5,23,0.652,48,0.583,123,0.341,0.532,0.544,4.6,3.4,0.8,0.6,0.5,0.4,8,5.4,8.8,4.6,113.1,102.7
412,TyTy Washington Jr.,Hou,G,21.4,30,13.8,17.7,8.3,16,0.625,77,0.494,78,0.218,0.41,0.423,4.6,1.4,1.6,0.4,0.1,0.5,6,6.1,7.5,6.3,97.4,116.9
413,Blake Wesley,San,G,20.1,35,17.2,18.7,23.2,42,0.619,148,0.291,47,0.34,0.344,0.375,4.6,2,2.5,0.7,0.1,1.7,6.6,7,9,6.6,77.6,113.2
414,Christian Braun,Den,G,22,74,15.3,12.7,10.8,57,0.596,180,0.556,92,0.37,0.555,0.566,4.5,2.3,0.8,0.5,0.2,0.4,6.9,5.3,7.7,5.3,114.7,109.1
415,Ousmane Dieng,Okc,F,19.9,38,13.8,15.6,11.7,18,0.611,76,0.579,90,0.267,0.482,0.492,4.5,2.6,1,0.3,0.2,0.6,7.1,5.5,8,6.6,101.3,110.3
416,Justin Holiday,Atl,F-G,34,28,14.7,14,8.8,0,0,38,0.474,87,0.345,0.504,0.504,4.5,0.8,0.9,0.2,0.4,0.4,5.3,5.4,6.2,4,101.7,113.5
417,Moses Moody,Gol,G,20.9,62,12.7,14.4,13.7,52,0.692,85,0.624,128,0.352,0.566,0.587,4.5,1.6,0.8,0.3,0.1,0.5,6.1,5.2,6.9,5.6,113.1,114.1
418,Dalano Banton,Tor,F,23.4,30,8.6,23.8,11.8,22,0.727,71,0.493,48,0.313,0.483,0.509,4.4,1.3,1,0.4,0.4,0.5,5.7,5.3,6.7,8.3,104.8,104.3
419,Jarrett Culver,Atl,G-F,24.1,10,13.7,17.1,13.9,13,0.692,31,0.516,12,0.083,0.407,0.452,4.4,3.8,0.6,0.6,0.2,0.7,8.2,5,8.8,6.3,96.6,106.2
420,A.J. Green,Mil,G,23.5,35,9.9,16.5,6.7,4,1,20,0.45,105,0.419,0.6,0.607,4.4,1.3,0.6,0.1,0,0.3,5.7,5,6.3,6.1,121.2,107.1
421,Haywood Highsmith,Mia,F,26.3,53,17.8,12.6,16.5,28,0.464,105,0.524,108,0.343,0.519,0.519,4.4,3.4,0.8,0.7,0.3,0.8,7.8,5.2,8.6,5.1,102.4,106.6
422,Justin Holiday,Dal,F-G,34,17,16,13.9,12.5,8,0.625,19,0.632,51,0.294,0.493,0.503,4.4,1.8,0.9,0.8,0.5,0.6,6.1,5.3,7.1,4.8,98.1,108
423,JaVale McGee,Dal,C-F,35.2,42,8.4,22.9,22.3,41,0.585,120,0.65,5,0.4,0.648,0.65,4.4,2.5,0.3,0.1,0.6,0.9,7,4.7,7.2,7.1,109,101.3
424,Chuma Okeke,Orl,F,24.6,26,18.7,12,11.9,21,0.762,33,0.485,78,0.282,0.441,0.474,4.4,3.5,1.2,0.6,0.4,0.6,7.9,5.6,9.2,5.7,106,108.4
425,Thaddeus Young,Tor,F,34.8,54,14.7,13.5,17.5,26,0.692,164,0.622,34,0.176,0.561,0.573,4.4,3.1,1.4,1,0.1,0.8,7.5,5.8,8.9,7.3,116.6,104.3
426,Davis Bertans,Dal,F,30.4,44,10.5,16,6.4,15,0.867,17,0.706,130,0.385,0.592,0.609,4.3,1,0.5,0.3,0.1,0.2,5.3,4.7,5.8,4.9,118.6,109
427,Bismack Biyombo,Pho,C,30.6,61,14.3,14.1,19.8,70,0.357,206,0.578,0,0,0.578,0.555,4.3,4.2,0.9,0.3,1.4,0.8,8.6,5.2,9.5,7.1,109.3,101.5
428,Malachi Flynn,Tor,G,24.9,52,12.6,17.2,9.2,29,0.724,99,0.354,129,0.349,0.45,0.469,4.3,1.4,1.3,0.4,0.1,0.4,5.7,5.6,7,6.3,103.7,109.5
429,Damian Jones,Uta,C,27.8,17,15.4,9.2,25.8,9,0.778,27,0.667,13,0.769,0.825,0.83,4.3,3.4,0.5,0.3,0.5,0.8,7.6,4.8,8.2,5,132.1,106.9
430,Xavier Sneed,Cha,F,25.3,4,12.1,12.9,22.3,4,1,4,0.5,6,0.5,0.65,0.723,4.3,1.3,1.3,0,0.3,0.8,5.5,5.5,6.8,6.4,123.6,106.6
431,Thomas Bryant,Den,C-F,25.7,17,10.8,18.5,14.2,18,0.722,54,0.481,6,0.333,0.483,0.523,4.2,3.1,0.1,0.1,0.4,0.6,7.2,4.3,7.4,4,105,103.5
432,Kessler Edwards,Sac,F,22.7,21,14.1,12.1,11.6,15,0.8,26,0.615,42,0.357,0.566,0.597,4.2,2.2,1,0.5,0.2,0.4,6.4,5.2,7.4,6,124.8,107.9
433,Blake Griffin,Bos,F,34.1,40,14.1,12.6,14.2,32,0.656,64,0.625,63,0.349,0.575,0.592,4.2,3.8,1.5,0.4,0.2,0.5,8,5.7,9.5,8.2,129,99.5
434,T.J. Warren,Pho,F,29.6,16,12.3,16,4.1,2,0.5,51,0.471,19,0.316,0.471,0.473,4.2,3.1,0.7,0.4,0.3,0.2,7.3,4.9,7.9,6.8,108.2,104.4
435,Goran Dragic,Mil,G,36.9,6,10.4,21.5,19.7,4,1,9,0,15,0.467,0.438,0.485,4.2,1.5,1.8,0.3,0,1,5.7,6,7.5,8.6,102,112.6
436,Mo Bamba,Lal,C,24.9,8,10.9,19.3,22.7,11,0.545,11,0.545,16,0.313,0.5,0.518,4.1,5,0.5,0.1,0.6,1,9.1,4.6,9.6,8,100.4,89.7
437,Bruno Fernando,Hou,F-C,24.6,31,11.7,15.1,17.7,44,0.682,92,0.522,1,0,0.516,0.561,4.1,3.9,1,0.2,1,0.6,8,5,9,8.6,118.7,101.2
438,Serge Ibaka,Mil,F,33.6,16,11.6,16.1,16.9,13,0.615,36,0.556,18,0.333,0.537,0.553,4.1,2.8,0.3,0.1,0.4,0.7,6.9,4.4,7.1,5.2,105,102.4
439,Meyers Leonard,Mil,F-C,31.1,8,10.4,16.5,16.5,6,0.833,9,0.556,16,0.375,0.56,0.597,4.1,2.8,0,0.1,0,0.6,6.9,4.1,6.9,0,110.2,98.3
440,Gary Payton II,Por,G,30.3,15,17.1,9.3,22.5,4,1,24,0.625,17,0.529,0.695,0.713,4.1,2.6,1.5,1,0.1,0.8,6.7,5.5,8.1,5.9,126.9,108.3
441,Isaiah Roby,San,F,25.2,42,11.3,17.8,16.6,41,0.488,95,0.516,60,0.3,0.49,0.497,4.1,2.5,0.9,0.4,0.2,0.7,6.6,5,7.5,7.4,96.7,110
442,Admiral Schofield,Orl,F,26,36,11.9,13.5,10.4,21,0.905,44,0.636,68,0.353,0.571,0.606,4.1,1.7,0.8,0.2,0.1,0.4,5.8,4.8,6.5,6,124.6,103.9
443,Ish Wainright,Pho,F,28.6,59,15,12.3,8.7,29,0.862,53,0.509,168,0.327,0.495,0.522,4.1,2.2,0.9,0.6,0.4,0.4,6.4,5,7.3,5.4,114.7,103.6
444,Will Barton,Tor,G,32.3,15,13.1,16,4.1,2,1,31,0.355,39,0.308,0.414,0.423,4,1.6,1.1,0.7,0.2,0.2,5.6,5.1,6.7,5.9,100,109.1
445,George Hill,Ind,G,36.9,10,14.4,10.4,17.9,6,1,12,0.667,15,0.4,0.63,0.675,4,1.5,1.8,0.6,0.3,0.6,5.5,5.8,7.3,6.1,129.2,115
446,Daishen Nix,Hou,G,21.1,56,16,15.4,26.7,36,0.667,95,0.421,138,0.29,0.429,0.45,4,1.7,2.3,0.5,0.1,1.5,5.7,6.3,8.1,6.3,88.7,117.1
447,Paul Reed,Phi,F,23.8,68,10.7,16,18.5,51,0.745,190,0.611,4,0,0.598,0.624,4,3.7,0.4,0.6,0.7,0.6,7.7,4.4,8.1,6.8,124.6,95
448,McKinley Wright IV,Dal,G,24.5,25,12.2,16.9,17.7,16,0.688,62,0.532,26,0.308,0.511,0.531,4,1.7,2.2,0.3,0.2,0.8,5.7,6.2,7.9,8.1,111.2,112.9
449,Aaron Holiday,Atl,G,26.5,62,13.1,13.2,14,32,0.844,125,0.432,83,0.422,0.512,0.54,3.9,1.2,1.3,0.6,0.2,0.5,5,5.2,6.4,5.6,111.7,111
450,Orlando Robinson,Mia,C,22.7,30,13.8,12.6,15.3,31,0.71,83,0.566,5,0,0.534,0.571,3.9,4.1,0.8,0.4,0.4,0.5,8,4.6,8.7,6.8,123.2,100.8
451,Matt Ryan,Lal,F,26,12,10.8,17.7,5.7,5,0.8,14,0.143,35,0.371,0.439,0.459,3.9,1.2,0.3,0.2,0,0.3,5.1,4.3,5.4,4.1,94.9,107.3
452,Patrick Baldwin Jr.,Gol,F,20.4,30,7.2,22.4,9.7,6,0.667,23,0.435,79,0.38,0.539,0.545,3.8,1.2,0.3,0.2,0.1,0.4,5,4.1,5.3,6.2,99.4,111.5
453,Jamaree Bouyea,Mia,G,23.8,4,16.3,12.2,23.2,2,0.5,8,0.5,5,0.4,0.538,0.54,3.8,1.3,1,1,0.5,1,5,4.8,6,4.2,93.1,107.7
454,Dyson Daniels,Nor,G,20.1,59,17.7,11.6,21.5,40,0.65,122,0.492,86,0.314,0.483,0.503,3.8,3.2,2.3,0.7,0.2,1,7,6.1,9.3,6.9,104.8,105.1
455,Darius Days,Hou,F,23.5,4,6.3,21.4,0,2,1,2,1,10,0.3,0.542,0.582,3.8,1.5,0.3,0,0.3,0,5.3,4,5.5,7.6,131.4,114.2
456,Terry Taylor,Chi,G,23.5,4,5.2,16.8,0,2,0,6,1,1,1,1.071,0.952,3.8,1,0,0,0,0,4.8,3.8,4.8,0,187.9,115.6
457,JT Thor,Cha,F,20.6,68,13.8,13,15.6,47,0.702,110,0.5,117,0.325,0.493,0.519,3.8,2.1,0.5,0.3,0.3,0.6,5.9,4.3,6.4,4.6,99.2,113
458,Nathan Knight,Min,F-C,25.5,36,7.9,18.2,19.5,55,0.691,56,0.643,22,0.364,0.615,0.656,3.7,1.5,0.4,0.3,0.2,0.5,5.2,4.1,5.6,6.6,120.7,104.8
459,Luke Kornet,Bos,F-C,27.7,68,11.3,11.3,13,37,0.811,149,0.705,11,0.273,0.684,0.706,3.7,2.8,0.7,0.1,0.7,0.4,6.5,4.4,7.1,6.9,145.9,105.1
460,A.J. Lawson,Dal,G,22.7,12,6.9,21,8.1,3,0.333,12,0.667,22,0.409,0.632,0.623,3.7,1.2,0.1,0.1,0,0.3,4.8,3.8,4.9,4.4,115.5,112
461,Jordan McLaughlin,Min,G,27,41,15.6,12.1,18.8,14,0.786,66,0.561,76,0.289,0.493,0.51,3.7,1.4,3.3,0.8,0.1,0.8,5.1,7,8.4,6.6,114.5,115.2
462,Markieff Morris,Dal,F,33.6,7,6.1,21.2,20,0,0,5,0.8,11,0.545,0.813,0.813,3.7,0.7,0.6,0.1,0,0.6,4.4,4.3,5,7.6,122.6,91.9
463,Jabari Walker,Por,F,20.7,54,10.7,17.3,12.2,39,0.769,134,0.455,52,0.308,0.457,0.492,3.7,2.3,0.6,0.2,0.2,0.5,6,4.3,6.6,6.4,105.7,109.9
464,Bryn Forbes,Min,G,29.7,25,10.7,16.2,12.6,15,1,37,0.432,46,0.304,0.446,0.497,3.6,0.6,0.7,0.3,0.1,0.5,4.2,4.2,4.8,4.3,98.6,112.7
465,Kevon Harris,Orl,G,25.8,33,13,13.1,18,34,0.794,59,0.475,36,0.333,0.484,0.541,3.6,1.9,0.4,0.5,0.2,0.6,5.5,4,5.9,4.3,105.9,105.5
466,Furkan Korkmaz,Phi,G-F,25.7,36,9,19.4,16.8,34,0.706,62,0.484,42,0.357,0.505,0.542,3.6,1.1,0.6,0.2,0.1,0.6,4.6,4.2,5.3,5.9,100.8,113.4
467,Markieff Morris,Bro,F,33.6,27,10.6,15.6,14.5,10,1,33,0.394,49,0.408,0.524,0.556,3.6,2.2,0.9,0.3,0.2,0.5,5.7,4.5,6.7,7.3,111,105
468,Matt Ryan,Min,F,26,21,8.4,15.7,6.4,7,0.857,10,0.6,48,0.396,0.595,0.614,3.6,0.6,0.5,0.1,0,0.2,4.1,4.1,4.7,4.9,121.3,113.7
469,Amir Coffey,Lac,G-F,25.8,49,12.7,13.6,12.6,63,0.778,105,0.429,40,0.275,0.424,0.498,3.5,1.1,1.1,0.1,0.1,0.4,4.6,4.6,5.7,5.1,108.5,112.5
470,Taj Gibson,Was,F,37.8,48,10,15.3,17.2,42,0.714,101,0.564,24,0.333,0.552,0.585,3.5,1.9,0.7,0.3,0.3,0.5,5.4,4.2,6.1,6.7,114.8,100.3
471,Kai Jones,Cha,C-F,22.2,45,11.8,12.8,20.6,26,0.731,101,0.624,18,0.222,0.58,0.602,3.5,2.7,0.3,0.4,0.7,0.7,6.2,3.8,6.5,4.8,107.4,106.2
472,Wesley Matthews,Mil,G,36.5,51,15.6,9.7,10.4,24,0.875,35,0.543,120,0.325,0.5,0.532,3.5,2.2,0.6,0.4,0.3,0.4,5.7,4.1,6.3,4.3,114.6,106.8
473,P.J. Tucker,Phi,F,37.9,75,25.6,6.5,16.3,23,0.826,85,0.482,140,0.393,0.549,0.566,3.5,3.9,0.8,0.5,0.2,0.6,7.5,4.3,8.3,3.5,118.7,108.3
474,Gorgui Dieng,San,C,33.2,29,10.9,17.3,21,8,0.75,35,0.571,66,0.273,0.465,0.478,3.4,3.1,1.6,0.1,0.4,0.9,6.5,5,8.1,9.4,98.4,105.7
475,Caleb Houstan,Orl,G,20.2,50,15.6,10.5,9.7,13,0.846,42,0.452,125,0.328,0.482,0.498,3.4,2,0.6,0.2,0.1,0.4,5.4,4,6,4.1,107.1,111.4
476,Kenneth Lofton Jr.,Mem,F,20.7,23,5.9,25.9,12.8,15,0.533,53,0.491,15,0.4,0.515,0.523,3.4,1.6,0.9,0.2,0.1,0.4,5,4.3,5.9,11.5,109.8,94.6
477,Miles McBride,Nyk,G,22.6,63,11.9,14.6,10.6,42,0.667,79,0.456,132,0.295,0.448,0.473,3.4,0.8,1.1,0.6,0.1,0.4,4.2,4.6,5.4,4.8,105.4,110.3
478,Jericho Sims,Nyk,C,24.5,52,15.6,7.5,20.1,16,0.75,106,0.783,1,0,0.776,0.78,3.4,4.7,0.5,0.3,0.5,0.5,8.1,3.9,8.6,5.1,146.5,104
479,Dru Smith,Bro,G,25.3,9,7.5,18.6,3.5,1,1,14,0.643,13,0.308,0.556,0.565,3.4,1.2,1.6,0.6,0.1,0.1,4.7,5,6.2,10,128.5,100.9
480,Dominick Barlow,San,F,19.9,26,13.3,10.9,16.8,18,0.722,65,0.554,4,0,0.522,0.553,3.3,3,0.8,0.3,0.7,0.5,6.3,4,7,6,117.6,109.3
481,Goga Bitadze,Ind,C-F,23.7,21,9.6,15.5,18.7,24,0.458,38,0.605,14,0.286,0.558,0.551,3.3,2.3,0.9,0.4,0.5,0.6,5.6,4.1,6.5,7.9,115.4,103.8
482,Josh Minott,Min,F,20.4,14,6.6,18.9,8,8,1,28,0.571,6,0.333,0.559,0.613,3.3,1.8,0.3,0.3,0.4,0.2,5.1,3.6,5.4,7.3,122.8,103.2
483,Omer Yurtseven,Mia,C,24.8,8,7.4,16.7,14.1,3,0.667,14,0.643,4,0.5,0.667,0.673,3.3,2,0.3,0.1,0.1,0.4,5.3,3.5,5.5,6.8,125.3,93.6
484,Max Christie,Lal,G,20.2,40,12.8,10.3,10.1,16,0.875,44,0.409,62,0.419,0.538,0.566,3.2,1.9,0.5,0.2,0.2,0.3,5.1,3.7,5.6,4.5,111.7,110.6
485,David Duke Jr.,Bro,G,23.5,22,8.3,20.5,18.7,11,0.636,57,0.526,8,0.125,0.485,0.501,3.2,1,0.8,0.3,0,0.7,4.1,4,4.9,6.6,94.9,103.9
486,Anthony Gill,Was,F,30.5,58,10.4,12,10.8,63,0.746,97,0.66,27,0.148,0.565,0.616,3.2,1.7,0.6,0.1,0.2,0.3,4.9,3.8,5.4,5.7,129.8,109.4
487,Richaun Holmes,Sac,F,29.5,41,8.3,13.8,13.8,19,0.789,80,0.625,7,0.714,0.661,0.682,3.2,1.9,0.2,0.1,0.3,0.3,5.1,3.4,5.3,5.1,129.9,104.7
488,Jason Preston,Lac,G,23.7,13,9.4,18.6,19.6,2,0,23,0.565,18,0.278,0.5,0.489,3.2,1.7,2.1,0.2,0,0.8,4.8,5.2,6.9,9.6,102.4,111.7
489,Juan Toscano-Anderson,Uta,F,30,20,14.3,11.9,20.2,6,0.833,45,0.556,18,0.167,0.468,0.488,3.2,2.7,1.6,0.2,0.1,0.8,5.9,4.8,7.5,6.7,100.7,109.2
490,Udoka Azubuike,Uta,C-F,23.6,34,8.9,11.9,21.5,16,0.313,62,0.806,0,0,0.806,0.76,3.1,3,0.3,0.2,0.4,0.5,6.1,3.4,6.4,6.3,126.4,106.7
491,Jordan Hall,San,G,21.2,9,9.1,19.6,19.8,9,0.778,13,0.462,15,0.2,0.375,0.438,3.1,1.3,1.2,0.1,0,0.8,4.4,4.3,5.7,7.4,91.1,117.7
492,Christian Koloko,Tor,C,22.8,57,13.6,10.5,12,57,0.632,135,0.504,11,0.091,0.476,0.511,3.1,2.9,0.5,0.3,1,0.4,6,3.6,6.5,4.9,118.3,101.4
493,Boban Marjanovic,Hou,C,34.6,30,5.3,20.3,19.6,26,0.769,52,0.692,1,0,0.679,0.714,3.1,1.8,0.3,0.1,0,0.4,4.9,3.3,5.1,9,126.9,113.7
494,Raul Neto,Cle,G,30.9,47,10.3,12.5,17.2,29,0.897,62,0.661,39,0.308,0.584,0.633,3.1,1,1.6,0.3,0.1,0.4,4,4.6,5.6,6.6,127.8,105.5
495,Xavier Cooks,Was,G,27.6,9,9.7,13.7,28.9,8,0.5,16,0.75,1,0,0.706,0.682,3.1,2.7,0.7,0.4,0.2,0.8,5.8,3.8,6.4,7.4,117.6,103.6
496,Tyler Dorsey,Dal,G,27.1,3,2.8,27.3,0,0,0,3,1,2,0.5,0.9,0.9,3,0.7,0,0,0,0,3.7,3,3.7,0,,
497,Usman Garuba,Hou,F,21.1,74,12.9,10.4,20.5,47,0.617,117,0.53,57,0.421,0.563,0.578,3,4.1,0.9,0.6,0.4,0.6,7.1,3.9,8,6.9,120.2,105.2
498,Danny Green,Mem,G,35.8,3,14.5,13.4,21.4,0,0,3,0,8,0.375,0.409,0.409,3,1.3,0.7,0.3,0,1,4.3,3.7,5,3.9,76.5,103.3
499,Jake LaRavia,Mem,F,21.4,35,11.8,11.7,15.9,9,0.778,24,0.542,71,0.338,0.516,0.531,3,1.8,0.6,0.3,0.1,0.5,4.8,3.6,5.4,5,105.3,104
500,Saben Lee,Phi,G,23.8,2,5.1,31,42.9,0,0,3,1,1,0,0.75,0.75,3,0,1,0.5,0,1.5,3,4,4,0,86.3,105.6
501,Garrison Mathews,Atl,G,26.5,8,7.3,15.3,4.9,3,0.667,5,0.4,14,0.429,0.579,0.591,3,1,0.3,0.1,0,0.1,4,3.3,4.3,5.3,117.5,113.3
502,Trevelin Queen,Ind,G,26.1,7,10,22.9,19.2,5,1,14,0.357,15,0.133,0.276,0.337,3,2.4,0.9,0.3,0.7,1,5.4,3.9,6.3,7.5,78.9,116.5
503,Neemias Queta,Sac,C,23.7,4,6.1,17.3,11.1,2,0,8,0.75,0,0,0.75,0.676,3,2.3,0.3,0,0.3,0.3,5.3,3.3,5.5,8.4,133.4,89.1
504,Michael Carter-Williams,Orl,G,31.5,3,9.3,16.6,10.7,4,0.75,7,0.429,1,0,0.375,0.461,3,1.7,1.3,0,0.3,0.3,4.7,4.3,6,8.1,108.1,115.2
505,Juancho Hernangomez,Tor,F,27.5,42,14.6,9.5,11.6,16,0.563,47,0.66,67,0.254,0.496,0.504,2.9,2.9,0.6,0.4,0.1,0.4,5.8,3.5,6.4,4.7,108.3,110.5
506,Jared Rhoden,Det,G,23.6,13,12.5,10.9,7.6,6,1,20,0.5,16,0.25,0.444,0.492,2.9,2.4,0.3,0.3,0.1,0.2,5.3,3.2,5.6,4.1,110.6,109.5
507,Robin Lopez,Cle,C,35,36,7.8,15.2,26,16,0.75,62,0.677,3,0.667,0.692,0.708,2.8,1.3,0.5,0.1,0.2,0.6,4.2,3.3,4.6,6.3,117.8,100.9
508,Jaden Springer,Phi,G,20.5,15,5.8,21.3,7.8,8,0.75,30,0.5,5,0.4,0.514,0.545,2.8,0.9,0.5,0.5,0.2,0.2,3.7,3.3,4.3,7.4,117.1,96
509,Moussa Diabate,Lac,F,21.2,21,9.2,14,16.3,16,0.625,44,0.5,2,0.5,0.511,0.537,2.7,2.3,0.2,0.3,0.4,0.4,5,2.9,5.2,4.7,118.3,110.2
510,Frank Kaminsky,Atl,F-C,30,26,6.8,13.9,16.9,12,0.833,21,0.667,23,0.478,0.693,0.72,2.7,1.4,0.8,0.2,0,0.3,4.1,3.5,4.9,8.5,132.5,105.8
511,Frank Ntilikina,Dal,G,24.7,46,12.3,12.9,18.2,29,0.724,58,0.466,63,0.254,0.421,0.46,2.7,1.3,1.2,0.3,0.1,0.6,4,3.9,5.2,5.3,95.3,108.8
512,Terry Taylor,Ind,G,23.5,26,8.8,14.2,12.1,7,0.714,47,0.553,18,0.222,0.492,0.507,2.7,1.5,0.4,0.1,0.2,0.3,4.2,3,4.5,5.3,108.8,113.8
513,Matisse Thybulle,Phi,G-F,26.1,49,12.1,9.8,6.4,12,0.75,53,0.547,63,0.333,0.522,0.536,2.7,1.3,0.5,0.9,0.3,0.2,3.9,3.1,4.4,4,116.2,103.8
514,Juan Toscano-Anderson,Lal,F,30,30,12.2,10.4,20.4,15,0.733,46,0.63,20,0.2,0.53,0.558,2.7,2,0.8,0.3,0.2,0.6,4.7,3.5,5.6,5.3,107.3,103.8
515,Peyton Watson,Den,G,20.6,21,6.8,17.2,11.1,6,0.333,36,0.5,12,0.5,0.563,0.553,2.7,1.4,0.3,0,0.3,0.3,4.1,3,4.4,6.1,106.5,109.5
516,Ryan Arcidiacono,Por,G,29,9,16.2,11.3,15.8,0,0,12,0.083,20,0.35,0.359,0.359,2.6,1.2,2.3,0.3,0,0.7,3.8,4.9,6.1,4.8,88.6,113.5
517,James Johnson,Ind,F,36.1,17,9.2,15,15.3,8,0.5,29,0.552,15,0.2,0.466,0.473,2.6,1.6,0.7,0.4,0.4,0.5,4.3,3.4,5,6.2,93.4,99.5
518,Isaiah Mobley,Cle,F,23.5,11,5.6,17.4,4.3,2,1,16,0.563,6,0.5,0.614,0.634,2.6,1.5,0.1,0.4,0.3,0.1,4.1,2.7,4.2,5.2,127,100.6
519,Damian Jones,Lal,C,27.8,22,8,13.1,19.4,20,0.75,34,0.588,3,0,0.541,0.6,2.5,2.5,0.2,0.1,0.5,0.4,5,2.7,5.2,5.4,118.4,105.2
520,Ish Smith,Den,G,34.8,41,9,19.7,24.8,4,0.5,115,0.417,9,0.222,0.411,0.413,2.5,1.2,2.2,0.2,0.2,1,3.8,4.8,6,8.3,88.8,109.9
521,Jared Butler,Okc,G,22.6,5,6.2,17.6,15.4,0,0,6,0.5,5,0.4,0.545,0.545,2.4,0.2,0.8,0.8,0,0.4,2.6,3.2,3.4,4.7,103.7,99
522,Jeff Dowtin Jr.,Tor,G,25.9,25,10.3,10.9,8,9,0.667,41,0.488,16,0.313,0.482,0.5,2.4,0.9,1.2,0.4,0.1,0.2,3.4,3.7,4.6,5.3,117.6,114.6
523,Trent Forrest,Atl,G,24.8,22,11.8,11.7,21,3,0.667,54,0.463,2,0,0.446,0.454,2.4,1.6,1.5,0.3,0.1,0.7,4,3.9,5.5,6.1,94.4,113.8
524,Sandro Mamukelashvili,Mil,F-C,23.9,24,9.1,14.5,13.4,18,0.667,26,0.462,32,0.219,0.388,0.432,2.4,2.3,0.7,0.2,0.2,0.4,4.7,3,5.4,6.9,102.2,105.4
525,Garrett Temple,Nor,G-F,36.9,21,6.6,14.3,9,4,0.75,17,0.412,23,0.478,0.588,0.599,2.4,0.8,0.6,0.3,0.1,0.2,3.1,3,3.7,6.4,123.1,107.1
526,Mamadi Diakite,Cle,F,26.2,21,7.6,15.8,19.8,2,1,25,0.56,19,0.316,0.523,0.535,2.3,1.3,0.2,0.1,0.4,0.5,3.6,2.5,3.9,4.4,95.2,98.2
527,Nerlens Noel,Det,C-F,29,14,10.8,11.9,20.9,10,0.7,28,0.393,2,0.5,0.417,0.465,2.3,2.6,0.5,0.9,0.6,0.6,4.9,2.8,5.4,5.3,92.6,99.2
528,Scotty Pippen Jr.,Lal,G,22.4,6,5.3,24.1,14,9,0.556,9,0.333,3,0.333,0.375,0.439,2.3,0.7,0.3,0.3,0.2,0.3,3,2.7,3.3,5.9,92.9,106.7
529,Micah Potter,Uta,F,25,6,5.2,12,11.1,0,0,5,0.8,3,0.667,0.875,0.875,2.3,1,0.5,0,0,0.2,3.3,2.8,3.8,8.1,157.6,110.9
530,Davon Reed,Den,G,27.8,35,9,15,19.9,20,0.75,36,0.25,44,0.364,0.413,0.456,2.3,1.5,0.5,0.4,0.1,0.6,3.9,2.9,4.4,5.3,89.2,104.8
531,Khem Birch,Tor,C,30.5,20,8.1,11.1,19.8,5,0.8,30,0.6,2,0.5,0.609,0.629,2.2,1.3,0.4,0.3,0.3,0.4,3.4,2.5,3.8,5.2,113.1,102.7
532,Kennedy Chandler,Mem,G,20.6,36,7.8,15.7,17.8,13,0.462,68,0.485,15,0.133,0.434,0.44,2.2,1.1,1.6,0.3,0.1,0.5,3.2,3.8,4.8,8.1,101.3,110.3
533,Dru Smith,Mia,G,25.3,5,13.4,10,6.7,0,0,8,0.5,6,0.167,0.393,0.393,2.2,1.8,1,0.8,0.6,0.2,4,3.2,5,4.7,94.4,98
534,John Butler Jr.,Por,F,20.3,17,10.4,11.1,2.3,3,1,14,0.5,29,0.207,0.372,0.395,2.1,0.9,0.5,0.4,0.5,0.1,2.9,2.5,3.4,3.8,94.5,113.1
535,Andre Iguodala,Gol,G-F,39.2,8,14.1,9.4,37,3,0.667,6,1,9,0.111,0.5,0.521,2.1,2.1,2.4,0.5,0.4,1.1,4.3,4.5,6.6,6.2,102.2,108.6
536,Darius Bazley,Pho,F-G,22.8,6,5.7,21,24.7,2,0.5,7,0.571,5,0.2,0.458,0.466,2,1.2,0.7,0.5,0.5,0.7,3.2,2.7,3.8,8.3,84.2,89.5
537,Justin Champagnie,Tor,G-F,21.8,3,3.6,11.7,0,0,0,3,1,0,0,1,1,2,1.3,0.3,0,0,0,3.3,2.3,3.7,10.2,,
538,A.J. Lawson,Min,G,22.7,1,1.8,23.8,0,0,0,1,1,0,0,1,1,2,1,0,0,0,0,3,2,3,0,,
539,Sam Merrill,Cle,G,26.9,4,8.1,13.8,0,0,0,1,1,9,0.222,0.4,0.4,2,1.3,1,0.3,0,0,3.3,3,4.3,6.8,103.3,106.9
540,Chris Silva,Dal,F,26.5,1,3,30.2,50,0,0,1,1,0,0,1,1,2,0,0,0,0,1,2,2,2,0,,
541,Dalen Terry,Chi,F,20.7,37,5.4,18.1,10.8,17,0.588,41,0.537,25,0.28,0.492,0.51,2,0.9,0.6,0.2,0.1,0.2,2.9,2.6,3.5,7.6,110.2,104.3
542,Stanley Umude,Det,G,24,1,2.1,38.1,0,2,1,0,0,1,0,0,0.532,2,0,0,1,1,0,2,2,2,0,,
543,Dewayne Dedmon,Phi,C,33.7,7,8.2,15.4,22.2,4,0,13,0.538,1,0,0.5,0.444,2,2.6,0.9,0.1,0.7,0.6,4.6,2.9,5.4,8.2,98.7,98.3
544,Theo Pinson,Dal,G-F,27.4,38,7.4,14.1,14.4,11,0.818,19,0.316,52,0.327,0.444,0.475,1.9,1.3,0.9,0.1,0,0.3,3.2,2.8,4.1,7.1,105.6,107.7
545,Ryan Rollins,Gol,G,20.8,12,5.2,26.1,43.9,6,1,11,0.364,9,0.333,0.425,0.508,1.9,1,0.5,0.1,0.1,1.3,2.9,2.4,3.4,7.6,70.3,102.1
546,Buddy Boeheim,Det,F,23.4,9,8.9,13.3,0,2,1,2,0.5,22,0.182,0.292,0.322,1.8,0.6,0.3,0.2,0,0,2.3,2.1,2.7,3.1,83.1,117.4
547,Greg Brown III,Por,F,21.6,16,5.8,18.4,17.6,12,0.417,21,0.476,7,0.143,0.411,0.421,1.8,1.2,0.2,0.3,0.3,0.4,2.9,1.9,3.1,5.2,79,104.1
548,Trevor Hudgins,Hou,G,24,5,5.7,16.6,9.6,3,1,1,0,8,0.25,0.333,0.436,1.8,0,0.6,0,0,0.2,1.8,2.4,2.4,0,102.7,125
549,Alize Johnson,San,F,27,4,7.4,15.3,39.1,2,0.5,4,0.75,2,0,0.5,0.509,1.8,2.5,0.3,0.3,0,1,4.3,2,4.5,6,74,108.9
550,Olivier Sarr,Okc,C,24.1,8,8.9,11.3,16.3,3,1,9,0.444,6,0.167,0.367,0.429,1.8,2,0.4,0,0.6,0.4,3.8,2.1,4.1,5.1,107.8,105.1
551,Alex Len,Sac,C,29.8,25,6,15.3,34.6,16,0.688,28,0.571,2,0,0.533,0.58,1.7,2.2,0.4,0.1,0.4,0.6,3.9,2.2,4.4,7.6,109.7,98.6
552,Dylan Windler,Cle,G-F,26.5,3,3.5,17.2,25,0,0,1,1,2,0.5,0.833,0.833,1.7,0,0.3,0.3,0,0.3,1.7,2,2,0,,
553,Xavier Moon,Lac,G,28.3,3,6,22,11.1,0,0,5,0.2,3,0.333,0.313,0.313,1.7,1,1.7,0,0,0.3,2.7,3.3,4.3,9.5,86.4,112.8
554,Tony Bradley,Chi,C-F,25.2,12,2.8,19.6,7.4,4,1,7,0.429,5,0.6,0.625,0.69,1.6,0.9,0.1,0.1,0.1,0.1,2.5,1.7,2.6,7.5,,
555,Svi Mykhailiuk,Nyk,G-F,25.8,13,3.1,17.4,14,5,0.6,2,0,10,0.6,0.75,0.739,1.6,0.5,0.1,0.1,0,0.2,2.2,1.7,2.2,5.6,,
556,Kendall Brown,Ind,G,19.9,6,6.7,10.3,21.7,2,0.5,6,0.667,1,0,0.571,0.571,1.5,1,0.5,0.7,0,0.3,2.5,2,3,5.4,109.3,95.5
557,Matthew Dellavedova,Sac,G,32.6,32,6.7,12.7,16.6,7,0.571,23,0.348,27,0.333,0.43,0.443,1.5,0.4,1.3,0.2,0,0.3,1.9,2.8,3.2,5.5,104.5,111.1
558,Keon Ellis,Sac,G,23.2,15,3.8,12.1,7,5,0.6,3,0.333,10,0.6,0.769,0.757,1.5,0.5,0.3,0.3,0.1,0.1,2.1,1.9,2.4,6.4,,
559,Carlik Jones,Chi,G,25.3,6,7.3,12.8,18,4,0.25,6,0.167,3,0.667,0.444,0.418,1.5,0.7,0.5,0.2,0,0.3,2.2,2,2.7,4.4,85.3,113.9
560,Wendell Moore Jr.,Min,G,21.6,27,5.5,15,15.9,5,0.8,25,0.6,17,0.118,0.429,0.452,1.5,0.6,0.7,0.3,0.2,0.3,2.1,2.1,2.8,6.2,95.5,108.9
561,Jordan Schakel,Was,G,24.8,2,3.1,14,0,0,0,1,0,1,1,0.75,0.75,1.5,0,0.5,0.5,0,0,1.5,2,2,0,,
562,Cole Swider,Lal,F,23.9,6,6.7,9.5,0,0,0,1,0,8,0.375,0.5,0.5,1.5,1.2,0.7,0,0,0,2.7,2.2,3.3,6.4,124.6,110.1
563,Facundo Campazzo,Dal,G,32,8,6.5,14.6,18.5,2,0.5,2,0,11,0.273,0.346,0.36,1.3,0.3,1.1,0.8,0,0.4,1.5,2.4,2.6,4.6,86.5,110.8
564,Ron Harper Jr.,Tor,F,23,8,3.1,17,0,0,0,4,0.5,6,0.333,0.5,0.5,1.3,0.4,0.4,0,0.1,0,1.6,1.6,2,7.6,,
565,Braxton Key,Det,F,26.1,3,3,8.8,0,2,1,1,1,0,0,1,1.064,1.3,0.3,0,0,0,0,1.7,1.3,1.7,0,,
566,Vit Krejci,Atl,G,22.8,28,5.2,11.8,9.9,2,0.5,16,0.625,20,0.25,0.486,0.488,1.3,0.8,0.5,0.1,0,0.1,2.1,1.8,2.6,6.2,110.4,109.4
567,KZ Okpala,Sac,F-G,23.9,35,7.1,8.4,15.4,8,0.875,17,0.529,21,0.333,0.513,0.554,1.3,1,0.4,0.2,0.2,0.2,2.3,1.7,2.7,4.5,113.3,103.3
568,Kobi Simmons,Cha,G,25.8,4,4.9,14.8,15.5,2,1,1,0,4,0.25,0.3,0.425,1.3,0.5,0.5,0,0.5,0.3,1.8,1.8,2.3,5.6,91.1,122.2
569,PJ Dozier,Sac,G-F,26.5,15,3.7,21.8,10.7,0,0,12,0.5,13,0.154,0.36,0.36,1.2,0.7,0.3,0.2,0.1,0.2,1.9,1.5,2.1,6.8,,
570,Frank Kaminsky,Hou,F-C,30,9,4.6,13.6,0,4,1,5,0.4,7,0.143,0.292,0.4,1.2,1.1,0.9,0.1,0.2,0,2.3,2.1,3.2,9.2,121.2,119.2
571,Jack White,Den,F,25.7,16,3.2,15.6,5.8,3,0.667,8,0.5,8,0.375,0.531,0.548,1.2,0.6,0.2,0.1,0.1,0.1,1.8,1.4,1.9,6.6,,
572,Kessler Edwards,Bro,F,22.7,14,5.7,16.1,14.2,2,0.5,12,0.333,12,0.167,0.292,0.301,1.1,1,0.1,0.2,0.1,0.3,2.1,1.2,2.2,3.4,71.9,115.2
573,Bruno Fernando,Atl,F-C,24.6,7,2.8,25.3,26.2,2,1,7,0.429,1,0,0.375,0.45,1.1,0.7,0.1,0,0.3,0.4,1.9,1.3,2,6.1,,
574,Tyrese Martin,Atl,G,24.1,15,3.3,16,5.4,2,1,12,0.5,5,0.2,0.441,0.475,1.1,0.4,0.1,0.1,0,0.1,1.5,1.2,1.6,4.3,,
575,Noah Vonleh,Bos,F,27.6,23,7.5,9.1,31,2,1,20,0.5,4,0.25,0.479,0.502,1.1,2.1,0.3,0.1,0.3,0.5,3.2,1.4,3.5,4.7,102.8,92.6
576,Joe Wieskamp,Tor,G-F,23.6,8,4.3,11.2,11.1,0,0,1,0,7,0.429,0.563,0.563,1.1,0.4,0.1,0,0,0.1,1.5,1.3,1.6,3.3,105.6,115.3
577,Vince Williams Jr.,Mem,G,22.6,14,4,14.7,5,0,0,5,0.6,14,0.214,0.395,0.395,1.1,0.5,0.2,0.3,0.1,0.1,1.6,1.3,1.8,4.8,92.6,101.5
578,Thanasis Antetokounmpo,Mil,F,30.7,36,5,13.2,23.9,14,0.357,31,0.516,7,0,0.421,0.419,1,1.1,0.3,0.1,0.1,0.3,2.1,1.4,2.4,5.5,88.7,103.6
579,JD Davison,Bos,G,20.5,11,2.8,21.3,13.3,0,0,9,0.444,4,0.25,0.423,0.423,1,0.5,0.7,0.2,0,0.2,1.5,1.7,2.3,10.1,,
580,Malcolm Hill,Chi,F,27.5,5,1.8,19.4,0,0,0,1,1,3,0.333,0.625,0.625,1,0.6,0,0,0,0,1.6,1,1.6,0,,
581,Trevor Keels,Nyk,G,19.6,3,2.7,21.5,0,0,0,0,0,4,0.25,0.375,0.375,1,0.7,0,0,0,0,1.7,1,1.7,0,,
582,Chima Moneke,Sac,F,27.3,2,4,26.5,50,2,0,2,0.5,0,0,0.5,0.347,1,1,0.5,0,0,1,2,1.5,2.5,7.9,73.2,97.6
583,Davon Reed,Lal,G,27.8,8,3.4,9,0,4,0.25,2,1,2,0.5,0.875,0.694,1,0.5,0.5,0.3,0,0,1.5,1.5,2,7.4,,
584,Nerlens Noel,Bro,C-F,29,3,14.4,12.2,44.6,2,0.5,6,0.167,0,0,0.167,0.218,1,3,1,1,0.3,1.7,4,2,5,4,57.2,98.1
585,Justin Jackson,Bos,F,28,23,4.7,12.2,6.8,2,0.5,7,0.286,20,0.25,0.352,0.359,0.9,0.7,0.4,0.2,0.2,0.1,1.6,1.3,2,5.4,89.6,107.1
586,Dereon Seabron,Nor,G,22.9,5,2.3,18.5,0,0,0,5,0.4,0,0,0.4,0.4,0.8,0.2,0,0,0,0,1,0.8,1,0,,
587,Mfiondu Kabengele,Bos,F-C,25.7,3,5.8,10,25,0,0,2,0.5,1,0,0.333,0.333,0.7,2,0,0,0,0.3,2.7,0.7,2.7,0,94.7,97.2
588,Vernon Carey Jr.,Was,F-C,22.1,11,2.6,16.6,19.2,2,1,8,0.25,0,0,0.25,0.338,0.5,1,0.3,0.2,0.2,0.2,1.5,0.8,1.8,8.2,,
589,Devon Dotson,Was,G,23.7,6,8.9,9.8,25,0,0,6,0,3,0.333,0.167,0.167,0.5,1.7,1.3,0.8,0,0.5,2.2,1.8,3.5,4.6,86.4,98.6
590,Udonis Haslem,Mia,F,42.8,6,7.6,12.6,0,2,0.5,10,0.1,2,0,0.083,0.116,0.5,1.3,0,0.2,0.2,0,1.8,0.5,1.8,0,51.3,98.4
591,Leandro Bolmaro,Uta,F,22.6,14,4.9,15.9,26.9,0,0,15,0.2,4,0,0.158,0.158,0.4,0.5,0.5,0.1,0.1,0.5,0.9,0.9,1.4,3.8,51.1,107.2
592,Isaiah Todd,Was,F,21.5,5,3.2,16.3,16.7,0,0,2,0.5,3,0,0.2,0.2,0.4,0,0,0,0,0.2,0.4,0.4,0.4,0,,
593,Ryan Arcidiacono,Nyk,G,29,11,2.4,9.8,16.7,0,0,2,0,3,0.333,0.3,0.3,0.3,0.4,0.2,0.2,0,0.1,0.6,0.5,0.8,4.8,,
594,Marko Simonovic,Chi,C,23.5,6,1.9,15.5,0,0,0,2,0.5,2,0,0.25,0.25,0.3,0.2,0,0,0,0,0.5,0.3,0.5,0,,
595,Lester Quinones,Gol,G,20,3,2.5,44.6,55.4,2,0.5,1,0,2,0,0,0.129,0.3,0.7,0.3,0,0,1.3,1,0.7,1.3,6.4,,
596,Sterling Brown,Lal,G-F,28.2,4,6.1,6.9,0,0,0,2,0,2,0,0,0,0,2,0.5,0.8,0,0,2,0.5,2.5,0,77.1,92.5
597,Deonte Burton,Sac,G-F,29.2,2,3.3,13.2,0,0,0,1,0,1,0,0,0,0,0,0,0,0,0,0,0,0,0,,
598,Julian Champagnie,Phi,F,21.8,2,3.4,13.4,0,0,0,1,0,1,0,0,0,0,0,0,0.5,0,0,0,0,0,0,,
599,Michael Foster Jr.,Phi,F,20.2,1,1,0,,0,0,0,0,0,0,,,0,0,0,0,0,0,0,0,0,0,,
600,Frank Jackson,Uta,G,24.9,1,5.1,24.6,0,0,0,2,0,1,0,0,0,0,2,1,0,0,0,2,1,3,0,48.1,120.2
601,Alondes Williams,Bro,G,23.8,1,5.3,16.7,100,0,0,0,0,0,0,,,0,1,0,0,0,2,1,0,1,0,,97.5
602,Jamaree Bouyea,Was,G,23.8,1,5.5,7.9,0,0,0,0,0,1,0,0,0,0,1,0,0,0,0,1,0,1,0,0,99.9
603,Moses Brown,Bro,C,23.5,2,3.2,6.9,100,0,0,0,0,0,0,,,0,0,0,0.5,0,0.5,0,0,0,0,,
604,Donovan Williams,Atl,G,21.6,1,1.7,24.7,0,0,0,0,0,1,0,0,0,0,1,0,0,0,0,1,0,1,0,,
605,Justin Champagnie,Bos,G-F,21.8,1,3.5,0,,0,0,0,0,0,0,,,0,0,0,0,0,0,0,0,0,0,,